PULocationID,pickup_zone,borough,hour,day_type,baseline_trips,baseline_capacity_proxy,baseline_duration,baseline_distance,baseline_total_amount
48,Clinton East,Manhattan,0,Weekday,79.0,161.0,11.7,2.37,22.65
48,Clinton East,Manhattan,1,Weekday,44.0,111.39999999999996,12.125,2.81,23.1
48,Clinton East,Manhattan,2,Weekday,31.0,69.59999999999998,12.516666666666667,2.9,23.52
48,Clinton East,Manhattan,3,Weekday,24.0,50.8,12.95,3.115,24.54
48,Clinton East,Manhattan,4,Weekday,26.0,56.39999999999998,12.575,3.1950000000000003,25.6
48,Clinton East,Manhattan,5,Weekday,43.0,66.8,8.0,1.5,18.15
48,Clinton East,Manhattan,6,Weekday,76.0,103.8,9.15,1.45,17.84
48,Clinton East,Manhattan,7,Weekday,97.0,140.2,10.7,1.39,19.0
48,Clinton East,Manhattan,8,Weekday,118.0,163.2,12.316666666666666,1.36,21.06
48,Clinton East,Manhattan,9,Weekday,111.0,148.8,13.866666666666667,1.335,21.9
48,Clinton East,Manhattan,10,Weekday,102.0,133.8,15.066666666666666,1.45,22.65
48,Clinton East,Manhattan,11,Weekday,98.0,139.6,15.15,1.48,22.75
48,Clinton East,Manhattan,12,Weekday,97.0,125.6,14.05,1.45,21.9
48,Clinton East,Manhattan,13,Weekday,97.0,127.79999999999998,13.266666666666667,1.42,21.06
48,Clinton East,Manhattan,14,Weekday,98.0,130.39999999999998,13.2,1.5,21.65
48,Clinton East,Manhattan,15,Weekday,103.0,137.2,13.3,1.47,21.64
48,Clinton East,Manhattan,16,Weekday,100.0,141.0,12.283333333333333,1.38,22.44
48,Clinton East,Manhattan,17,Weekday,120.0,177.6,11.933333333333334,1.37,22.38
48,Clinton East,Manhattan,18,Weekday,142.0,220.0,11.7,1.37,22.38
48,Clinton East,Manhattan,19,Weekday,133.0,215.39999999999998,11.916666666666666,1.43,22.44
48,Clinton East,Manhattan,20,Weekday,171.0,256.2,12.25,1.71,22.31
48,Clinton East,Manhattan,21,Weekday,232.0,310.79999999999995,12.516666666666667,1.84,23.19
48,Clinton East,Manhattan,22,Weekday,207.0,307.8,12.9,1.92,23.94
48,Clinton East,Manhattan,23,Weekday,131.0,314.79999999999984,12.483333333333333,2.08,23.75
48,Clinton East,Manhattan,0,Weekend,215.0,301.5999999999999,12.3,2.1,23.94
48,Clinton East,Manhattan,1,Weekend,157.0,262.5999999999999,11.95,2.27,22.52
48,Clinton East,Manhattan,2,Weekend,118.0,186.5999999999999,11.933333333333334,2.61,22.26
48,Clinton East,Manhattan,3,Weekend,93.0,132.79999999999995,11.766666666666667,2.7,22.94
48,Clinton East,Manhattan,4,Weekend,81.0,109.39999999999999,12.283333333333333,2.915,24.95
48,Clinton East,Manhattan,5,Weekend,33.0,54.999999999999986,10.258333333333333,2.455,22.195
48,Clinton East,Manhattan,6,Weekend,40.0,57.0,10.716666666666667,2.36,20.67
48,Clinton East,Manhattan,7,Weekend,43.0,60.39999999999999,8.733333333333333,1.7,17.7
48,Clinton East,Manhattan,8,Weekend,62.0,83.39999999999999,8.75,1.58,17.78
48,Clinton East,Manhattan,9,Weekend,87.0,133.39999999999998,9.183333333333334,1.57,18.34
48,Clinton East,Manhattan,10,Weekend,109.0,138.2,10.35,1.6,19.38
48,Clinton East,Manhattan,11,Weekend,116.0,151.0,11.433333333333334,1.6,19.96
48,Clinton East,Manhattan,12,Weekend,116.0,161.19999999999993,11.558333333333334,1.5,20.2
48,Clinton East,Manhattan,13,Weekend,125.0,156.8,12.533333333333333,1.5,20.95
48,Clinton East,Manhattan,14,Weekend,109.0,143.6,12.183333333333334,1.5,20.25
48,Clinton East,Manhattan,15,Weekend,120.0,164.79999999999998,12.458333333333332,1.56,21.05
48,Clinton East,Manhattan,16,Weekend,182.0,223.39999999999998,13.366666666666667,1.56,21.9
48,Clinton East,Manhattan,17,Weekend,178.0,217.0,14.633333333333333,1.61,23.58
48,Clinton East,Manhattan,18,Weekend,188.0,233.79999999999998,14.233333333333333,1.51,23.275
48,Clinton East,Manhattan,19,Weekend,171.0,258.2,13.733333333333333,1.5,21.9
48,Clinton East,Manhattan,20,Weekend,160.0,211.79999999999998,13.466666666666667,1.67,22.95
48,Clinton East,Manhattan,21,Weekend,176.0,253.39999999999998,13.266666666666667,1.8,23.1
48,Clinton East,Manhattan,22,Weekend,242.0,322.0,13.241666666666667,1.86,24.14
48,Clinton East,Manhattan,23,Weekend,157.0,284.4,13.233333333333333,2.02,24.17
68,East Chelsea,Manhattan,0,Weekday,59.0,155.39999999999998,13.066666666666666,2.4,24.78
68,East Chelsea,Manhattan,1,Weekday,22.0,81.79999999999993,11.866666666666667,2.24,23.1
68,East Chelsea,Manhattan,2,Weekday,15.0,49.79999999999998,11.833333333333334,2.44,23.94
68,East Chelsea,Manhattan,3,Weekday,10.0,27.39999999999999,12.533333333333333,2.67,24.955
68,East Chelsea,Manhattan,4,Weekday,8.0,24.799999999999983,12.15,2.7,28.19
68,East Chelsea,Manhattan,5,Weekday,19.0,30.799999999999997,10.5,2.3,22.39
68,East Chelsea,Manhattan,6,Weekday,33.0,53.39999999999999,11.175,1.9,21.9
68,East Chelsea,Manhattan,7,Weekday,66.0,98.6,12.816666666666666,1.8,21.95
68,East Chelsea,Manhattan,8,Weekday,121.0,169.2,14.233333333333333,1.59,22.94
68,East Chelsea,Manhattan,9,Weekday,127.0,182.0,15.65,1.51,23.58
68,East Chelsea,Manhattan,10,Weekday,135.0,175.8,18.65,1.61,25.96
68,East Chelsea,Manhattan,11,Weekday,149.0,195.0,19.216666666666665,1.65,26.94
68,East Chelsea,Manhattan,12,Weekday,141.0,190.2,18.525,1.66,26.1
68,East Chelsea,Manhattan,13,Weekday,153.0,206.8,18.25,1.7149999999999999,25.95
68,East Chelsea,Manhattan,14,Weekday,152.0,214.8,17.308333333333334,1.76,25.25
68,East Chelsea,Manhattan,15,Weekday,171.0,209.8,16.5,1.7,24.42
68,East Chelsea,Manhattan,16,Weekday,157.0,210.0,14.783333333333333,1.6,24.95
68,East Chelsea,Manhattan,17,Weekday,196.0,262.0,14.466666666666667,1.62,24.965
68,East Chelsea,Manhattan,18,Weekday,227.0,291.0,14.0,1.61,24.9
68,East Chelsea,Manhattan,19,Weekday,202.0,293.79999999999995,14.4,1.73,25.15
68,East Chelsea,Manhattan,20,Weekday,233.0,333.59999999999997,14.683333333333334,1.9,25.03
68,East Chelsea,Manhattan,21,Weekday,236.0,350.99999999999994,14.75,2.03,26.47
68,East Chelsea,Manhattan,22,Weekday,189.0,287.8,14.75,2.17,27.3
68,East Chelsea,Manhattan,23,Weekday,133.0,257.79999999999995,14.141666666666666,2.2,26.15
68,East Chelsea,Manhattan,0,Weekend,146.0,229.8,14.691666666666666,2.15,26.695
68,East Chelsea,Manhattan,1,Weekend,100.0,183.99999999999994,12.333333333333334,2.05,24.380000000000003
68,East Chelsea,Manhattan,2,Weekend,77.0,115.59999999999997,11.725,2.18,23.455
68,East Chelsea,Manhattan,3,Weekend,67.0,90.0,11.216666666666667,2.215,23.52
68,East Chelsea,Manhattan,4,Weekend,42.0,72.99999999999999,11.008333333333333,2.2350000000000003,24.96
68,East Chelsea,Manhattan,5,Weekend,16.0,28.799999999999997,12.35,2.65,23.94
68,East Chelsea,Manhattan,6,Weekend,19.0,35.39999999999999,11.3,2.51,21.9
68,East Chelsea,Manhattan,7,Weekend,27.0,43.39999999999999,9.116666666666667,1.86,18.79
68,East Chelsea,Manhattan,8,Weekend,54.0,69.19999999999999,9.383333333333333,1.63,18.54
68,East Chelsea,Manhattan,9,Weekend,76.0,109.19999999999999,10.333333333333334,1.65,19.38
68,East Chelsea,Manhattan,10,Weekend,112.0,155.0,11.216666666666667,1.6,19.86
68,East Chelsea,Manhattan,11,Weekend,156.0,197.19999999999996,13.266666666666667,1.66,21.65
68,East Chelsea,Manhattan,12,Weekend,163.0,214.39999999999995,14.716666666666667,1.67,22.74
68,East Chelsea,Manhattan,13,Weekend,178.0,231.0,15.983333333333333,1.7,23.814999999999998
68,East Chelsea,Manhattan,14,Weekend,184.0,227.2,16.283333333333335,1.78,24.42
68,East Chelsea,Manhattan,15,Weekend,174.0,222.2,16.541666666666668,1.74,24.4
68,East Chelsea,Manhattan,16,Weekend,176.0,222.79999999999995,17.033333333333335,1.7,24.56
68,East Chelsea,Manhattan,17,Weekend,195.0,259.5999999999999,17.725,1.72,26.174999999999997
68,East Chelsea,Manhattan,18,Weekend,207.0,271.19999999999993,17.516666666666666,1.7,25.95
68,East Chelsea,Manhattan,19,Weekend,190.0,261.6,17.0,1.72,25.26
68,East Chelsea,Manhattan,20,Weekend,158.0,216.59999999999997,15.766666666666667,1.78,24.8
68,East Chelsea,Manhattan,21,Weekend,169.0,216.79999999999998,16.0,2.0,25.6
68,East Chelsea,Manhattan,22,Weekend,156.0,247.99999999999997,15.8,2.03,26.395000000000003
68,East Chelsea,Manhattan,23,Weekend,114.0,286.59999999999985,15.616666666666667,2.1,26.76
79,East Village,Manhattan,0,Weekday,80.0,316.39999999999975,11.233333333333333,2.2,22.26
79,East Village,Manhattan,1,Weekday,50.0,198.39999999999992,11.55,2.4,22.75
79,East Village,Manhattan,2,Weekday,32.0,158.59999999999988,11.733333333333333,2.5549999999999997,23.1
79,East Village,Manhattan,3,Weekday,24.0,87.59999999999997,11.483333333333334,2.7,23.94
79,East Village,Manhattan,4,Weekday,18.0,57.19999999999999,11.358333333333334,2.67,24.95
79,East Village,Manhattan,5,Weekday,20.0,35.39999999999999,10.866666666666667,2.46,23.1
79,East Village,Manhattan,6,Weekday,45.0,59.0,11.983333333333333,2.48,24.064999999999998
79,East Village,Manhattan,7,Weekday,71.0,98.19999999999999,12.716666666666667,2.3,24.96
79,East Village,Manhattan,8,Weekday,98.0,125.39999999999999,14.166666666666666,2.1,26.94
79,East Village,Manhattan,9,Weekday,112.0,148.0,13.633333333333333,1.89,23.58
79,East Village,Manhattan,10,Weekday,72.0,98.6,12.8,1.61,21.06
79,East Village,Manhattan,11,Weekday,68.0,90.8,14.1,1.6,22.015
79,East Village,Manhattan,12,Weekday,69.0,97.19999999999999,13.783333333333333,1.6,21.9
79,East Village,Manhattan,13,Weekday,75.0,105.6,13.95,1.63,21.92
79,East Village,Manhattan,14,Weekday,76.0,109.8,13.816666666666666,1.6,21.94
79,East Village,Manhattan,15,Weekday,83.0,133.0,13.783333333333333,1.49,21.95
79,East Village,Manhattan,16,Weekday,64.0,90.8,12.483333333333333,1.45,22.565
79,East Village,Manhattan,17,Weekday,77.0,116.99999999999999,12.3,1.46,22.85
79,East Village,Manhattan,18,Weekday,102.0,173.2,12.083333333333334,1.43,22.4
79,East Village,Manhattan,19,Weekday,125.0,237.0,12.266666666666667,1.42,22.38
79,East Village,Manhattan,20,Weekday,174.0,293.2,13.033333333333333,1.69,22.189999999999998
79,East Village,Manhattan,21,Weekday,232.0,391.6,13.5,1.92,23.585
79,East Village,Manhattan,22,Weekday,216.0,454.19999999999993,12.95,1.88,23.35
79,East Village,Manhattan,23,Weekday,149.0,593.0,12.35,1.91,23.9
79,East Village,Manhattan,0,Weekend,704.0,805.4,12.233333333333333,1.78,25.62
79,East Village,Manhattan,1,Weekend,736.0,886.9999999999999,11.866666666666667,1.87,24.85
79,East Village,Manhattan,2,Weekend,567.0,699.1999999999999,11.4,1.92,23.1
79,East Village,Manhattan,3,Weekend,350.0,455.99999999999994,10.733333333333333,2.08,22.94
79,East Village,Manhattan,4,Weekend,165.0,229.59999999999997,10.583333333333334,2.255,25.145
79,East Village,Manhattan,5,Weekend,38.0,62.99999999999997,11.041666666666668,2.565,23.935000000000002
79,East Village,Manhattan,6,Weekend,30.0,45.99999999999997,10.55,2.4450000000000003,20.945
79,East Village,Manhattan,7,Weekend,31.0,46.8,10.616666666666667,2.4,20.94
79,East Village,Manhattan,8,Weekend,47.0,70.39999999999999,10.616666666666667,2.2,20.22
79,East Village,Manhattan,9,Weekend,73.0,109.19999999999999,10.75,2.03,19.95
79,East Village,Manhattan,10,Weekend,94.0,136.0,10.833333333333334,1.86,19.96
79,East Village,Manhattan,11,Weekend,111.0,158.8,11.566666666666666,1.75,20.55
79,East Village,Manhattan,12,Weekend,138.0,166.2,12.425,1.78,20.95
79,East Village,Manhattan,13,Weekend,146.0,194.0,12.8,1.7,21.06
79,East Village,Manhattan,14,Weekend,142.0,181.39999999999998,13.283333333333333,1.75,21.75
79,East Village,Manhattan,15,Weekend,142.0,221.19999999999996,13.491666666666667,1.73,21.9
79,East Village,Manhattan,16,Weekend,155.0,253.99999999999994,14.216666666666667,1.81,22.74
79,East Village,Manhattan,17,Weekend,181.0,290.59999999999997,13.55,1.66,22.744999999999997
79,East Village,Manhattan,18,Weekend,209.0,360.2,13.616666666666667,1.6,22.74
79,East Village,Manhattan,19,Weekend,224.0,398.6,14.0,1.61,22.7
79,East Village,Manhattan,20,Weekend,221.0,420.19999999999993,13.825,1.645,22.285
79,East Village,Manhattan,21,Weekend,247.0,456.0,14.158333333333333,1.78,22.905
79,East Village,Manhattan,22,Weekend,288.0,567.0,13.683333333333334,1.77,23.645
79,East Village,Manhattan,23,Weekend,270.0,703.0,13.15,1.8,24.85
132,JFK Airport,Queens,0,Weekday,191.0,401.6,29.383333333333333,16.6,80.71
132,JFK Airport,Queens,1,Weekday,66.0,232.59999999999997,26.558333333333334,15.03,71.75
132,JFK Airport,Queens,2,Weekday,17.0,124.99999999999996,24.1,12.05,59.75
132,JFK Airport,Queens,3,Weekday,10.0,58.39999999999999,22.65,11.57,55.370000000000005
132,JFK Airport,Queens,4,Weekday,14.0,49.39999999999999,19.71666666666667,10.76,49.25
132,JFK Airport,Queens,5,Weekday,74.0,111.99999999999999,22.633333333333333,10.74,49.25
132,JFK Airport,Queens,6,Weekday,126.0,172.8,42.6,15.48,80.71
132,JFK Airport,Queens,7,Weekday,141.0,198.99999999999997,59.5,16.88,88.5
132,JFK Airport,Queens,8,Weekday,111.0,167.0,55.95,17.0,88.96
132,JFK Airport,Queens,9,Weekday,117.0,187.8,48.391666666666666,16.66,83.96
132,JFK Airport,Queens,10,Weekday,130.0,197.6,47.80833333333334,16.79,84.15
132,JFK Airport,Queens,11,Weekday,118.0,170.6,48.75,17.02,88.78
132,JFK Airport,Queens,12,Weekday,159.0,219.8,48.766666666666666,17.15,88.63
132,JFK Airport,Queens,13,Weekday,203.0,269.8,51.333333333333336,17.19,90.31
132,JFK Airport,Queens,14,Weekday,257.0,359.59999999999997,57.28333333333333,17.11,90.71
132,JFK Airport,Queens,15,Weekday,316.0,401.0,58.71666666666667,17.07,91.15
132,JFK Airport,Queens,16,Weekday,362.0,455.8,59.75,17.21,97.45
132,JFK Airport,Queens,17,Weekday,276.0,422.59999999999997,54.6,17.26,94.99
132,JFK Airport,Queens,18,Weekday,263.0,367.0,47.416666666666664,17.23,91.5
132,JFK Airport,Queens,19,Weekday,335.0,437.4,41.458333333333336,17.28,90.96
132,JFK Airport,Queens,20,Weekday,345.0,455.59999999999997,37.11666666666667,17.22,86.5
132,JFK Airport,Queens,21,Weekday,311.0,443.79999999999995,32.983333333333334,16.86,83.44
132,JFK Airport,Queens,22,Weekday,298.0,424.8,32.416666666666664,16.81,83.85
132,JFK Airport,Queens,23,Weekday,257.0,456.19999999999993,31.916666666666668,16.67,83.21
132,JFK Airport,Queens,0,Weekend,146.0,360.99999999999955,29.116666666666667,16.1,78.91
132,JFK Airport,Queens,1,Weekend,59.0,191.39999999999995,25.15833333333333,12.274999999999999,62.65
132,JFK Airport,Queens,2,Weekend,15.0,63.39999999999995,22.433333333333334,11.13,53.45
132,JFK Airport,Queens,3,Weekend,11.0,33.79999999999998,18.45,10.39,47.83
132,JFK Airport,Queens,4,Weekend,12.0,26.599999999999994,16.866666666666667,10.245000000000001,45.75
132,JFK Airport,Queens,5,Weekend,55.0,86.19999999999999,17.90833333333333,9.885000000000002,44.35
132,JFK Airport,Queens,6,Weekend,107.0,172.0,18.758333333333333,10.4,45.45
132,JFK Airport,Queens,7,Weekend,118.0,188.39999999999998,22.85,11.15,51.15
132,JFK Airport,Queens,8,Weekend,103.0,185.39999999999992,27.033333333333335,11.96,60.15
132,JFK Airport,Queens,9,Weekend,120.0,211.19999999999987,27.316666666666666,11.77,58.13
132,JFK Airport,Queens,10,Weekend,102.0,203.9999999999999,30.416666666666668,15.1,73.895
132,JFK Airport,Queens,11,Weekend,123.0,183.39999999999998,35.55,16.85,83.95
132,JFK Airport,Queens,12,Weekend,158.0,236.19999999999996,37.6,17.02,83.96
132,JFK Airport,Queens,13,Weekend,194.0,291.9999999999999,41.766666666666666,17.3,88.06
132,JFK Airport,Queens,14,Weekend,253.0,328.0,45.43333333333333,17.3,90.44
132,JFK Airport,Queens,15,Weekend,328.0,390.5999999999999,48.65,17.4,91.45
132,JFK Airport,Queens,16,Weekend,356.0,422.19999999999993,50.525,17.43,91.45
132,JFK Airport,Queens,17,Weekend,301.0,377.99999999999994,48.03333333333333,17.41,91.45
132,JFK Airport,Queens,18,Weekend,266.0,349.0,44.28333333333333,17.33,89.47
132,JFK Airport,Queens,19,Weekend,325.0,444.0,40.86666666666667,17.31,88.44
132,JFK Airport,Queens,20,Weekend,350.0,487.0,38.6,17.19,86.5
132,JFK Airport,Queens,21,Weekend,313.0,492.5999999999999,34.81666666666667,17.02,83.96
132,JFK Airport,Queens,22,Weekend,337.0,515.0,32.166666666666664,16.76,83.44
132,JFK Airport,Queens,23,Weekend,292.0,539.5999999999997,29.666666666666668,16.39,80.1
138,LaGuardia Airport,Queens,0,Weekday,92.0,293.0,19.566666666666666,9.2,62.77
138,LaGuardia Airport,Queens,1,Weekday,19.0,85.6,19.0,9.28,62.3
138,LaGuardia Airport,Queens,2,Weekday,3.0,62.599999999999966,18.35,9.18,61.2
138,LaGuardia Airport,Queens,3,Weekday,0.0,16.799999999999997,18.833333333333332,9.2,60.69
138,LaGuardia Airport,Queens,4,Weekday,1.0,4.0,18.15,10.53,58.225
138,LaGuardia Airport,Queens,5,Weekday,1.0,5.0,19.9,9.77,62.535
138,LaGuardia Airport,Queens,6,Weekday,2.0,6.799999999999997,26.1,9.4,64.31
138,LaGuardia Airport,Queens,7,Weekday,32.0,75.8,38.03333333333333,10.3,75.91
138,LaGuardia Airport,Queens,8,Weekday,67.0,147.6,45.016666666666666,9.9,78.44
138,LaGuardia Airport,Queens,9,Weekday,124.0,246.0,41.791666666666664,9.715,77.11
138,LaGuardia Airport,Queens,10,Weekday,162.0,352.0,40.15833333333333,9.6,76.4
138,LaGuardia Airport,Queens,11,Weekday,147.0,284.79999999999995,37.6,9.5,75.88
138,LaGuardia Airport,Queens,12,Weekday,165.0,257.79999999999995,34.375,9.46,73.94
138,LaGuardia Airport,Queens,13,Weekday,158.0,278.0,34.25,9.4,73.61
138,LaGuardia Airport,Queens,14,Weekday,251.0,367.2,38.05,9.38,74.47
138,LaGuardia Airport,Queens,15,Weekday,230.0,395.6,39.81666666666667,9.28,74.23
138,LaGuardia Airport,Queens,16,Weekday,185.0,303.0,37.63333333333333,9.29,75.61
138,LaGuardia Airport,Queens,17,Weekday,188.0,309.9999999999999,34.8,9.23,73.81
138,LaGuardia Airport,Queens,18,Weekday,187.0,290.59999999999997,29.858333333333334,9.3,71.75
138,LaGuardia Airport,Queens,19,Weekday,193.0,309.0,25.8,9.3,69.39
138,LaGuardia Airport,Queens,20,Weekday,205.0,288.2,23.05,9.31,66.62
138,LaGuardia Airport,Queens,21,Weekday,209.0,345.4,22.4,9.3,65.79
138,LaGuardia Airport,Queens,22,Weekday,175.0,307.59999999999997,21.35,9.3,64.96
138,LaGuardia Airport,Queens,23,Weekday,176.0,295.99999999999994,20.65,9.28,64.1
138,LaGuardia Airport,Queens,0,Weekend,63.0,161.79999999999995,19.966666666666665,9.19,62.489999999999995
138,LaGuardia Airport,Queens,1,Weekend,10.0,72.19999999999989,19.016666666666666,9.1,62.075
138,LaGuardia Airport,Queens,2,Weekend,1.0,42.79999999999997,18.8,9.24,63.0
138,LaGuardia Airport,Queens,3,Weekend,0.0,19.59999999999998,19.066666666666666,9.53,62.16
138,LaGuardia Airport,Queens,4,Weekend,0.0,2.0,18.25,10.4,66.71
138,LaGuardia Airport,Queens,5,Weekend,1.0,3.0,16.716666666666665,8.76,59.25
138,LaGuardia Airport,Queens,6,Weekend,2.0,4.799999999999997,20.666666666666664,8.655000000000001,62.705
138,LaGuardia Airport,Queens,7,Weekend,8.0,14.399999999999991,21.516666666666666,9.5,65.23
138,LaGuardia Airport,Queens,8,Weekend,33.0,66.19999999999999,22.191666666666666,9.6,64.86
138,LaGuardia Airport,Queens,9,Weekend,87.0,149.59999999999997,23.166666666666668,9.5,65.7
138,LaGuardia Airport,Queens,10,Weekend,120.0,180.0,23.84166666666667,9.43,66.24
138,LaGuardia Airport,Queens,11,Weekend,105.0,196.79999999999995,24.85,9.4,66.69
138,LaGuardia Airport,Queens,12,Weekend,123.0,189.5999999999999,26.358333333333334,9.39,68.29
138,LaGuardia Airport,Queens,13,Weekend,128.0,211.39999999999998,27.133333333333333,9.4,68.29
138,LaGuardia Airport,Queens,14,Weekend,168.0,265.19999999999993,28.466666666666665,9.39,68.22
138,LaGuardia Airport,Queens,15,Weekend,180.0,265.3999999999999,28.875,9.38,68.345
138,LaGuardia Airport,Queens,16,Weekend,193.0,271.99999999999994,28.708333333333332,9.31,68.0
138,LaGuardia Airport,Queens,17,Weekend,158.0,263.4,28.516666666666666,9.29,67.45
138,LaGuardia Airport,Queens,18,Weekend,146.0,237.2,26.1,9.215,66.07
138,LaGuardia Airport,Queens,19,Weekend,123.0,296.7999999999999,23.8,9.28,64.8
138,LaGuardia Airport,Queens,20,Weekend,111.0,295.7999999999999,22.566666666666666,9.22,64.8
138,LaGuardia Airport,Queens,21,Weekend,127.0,290.79999999999995,21.9,9.2,64.26
138,LaGuardia Airport,Queens,22,Weekend,95.0,287.0,20.6,9.15,63.365
138,LaGuardia Airport,Queens,23,Weekend,134.0,319.2,19.783333333333335,9.13,62.65
140,Lenox Hill East,Manhattan,0,Weekday,19.0,31.799999999999997,11.391666666666666,2.47,20.945
140,Lenox Hill East,Manhattan,1,Weekday,7.0,14.799999999999997,10.375,2.2350000000000003,20.54
140,Lenox Hill East,Manhattan,2,Weekday,5.0,11.0,9.975,2.185,19.72
140,Lenox Hill East,Manhattan,3,Weekday,4.0,9.0,9.966666666666667,2.23,19.95
140,Lenox Hill East,Manhattan,4,Weekday,6.0,12.0,12.233333333333334,2.995,24.560000000000002
140,Lenox Hill East,Manhattan,5,Weekday,13.0,21.799999999999997,10.666666666666666,2.35,20.96
140,Lenox Hill East,Manhattan,6,Weekday,45.0,65.19999999999999,10.566666666666666,2.16,19.95
140,Lenox Hill East,Manhattan,7,Weekday,133.0,159.39999999999998,12.1,2.0,21.25
140,Lenox Hill East,Manhattan,8,Weekday,190.0,240.2,13.95,1.94,22.74
140,Lenox Hill East,Manhattan,9,Weekday,172.0,228.6,13.95,1.81,22.39
140,Lenox Hill East,Manhattan,10,Weekday,170.0,222.39999999999998,14.383333333333333,1.74,21.95
140,Lenox Hill East,Manhattan,11,Weekday,179.0,218.8,15.533333333333333,1.68,22.88
140,Lenox Hill East,Manhattan,12,Weekday,184.0,219.39999999999998,15.266666666666667,1.66,22.74
140,Lenox Hill East,Manhattan,13,Weekday,177.0,218.6,15.2,1.67,22.68
140,Lenox Hill East,Manhattan,14,Weekday,204.0,240.8,15.583333333333334,1.68,22.74
140,Lenox Hill East,Manhattan,15,Weekday,228.0,279.2,15.7,1.62,23.1
140,Lenox Hill East,Manhattan,16,Weekday,207.0,250.2,13.833333333333334,1.62,23.45
140,Lenox Hill East,Manhattan,17,Weekday,205.0,254.99999999999997,12.633333333333333,1.58,22.85
140,Lenox Hill East,Manhattan,18,Weekday,179.0,224.39999999999998,12.216666666666667,1.62,22.55
140,Lenox Hill East,Manhattan,19,Weekday,150.0,184.8,11.933333333333334,1.7,22.38
140,Lenox Hill East,Manhattan,20,Weekday,119.0,173.8,12.083333333333334,2.04,21.83
140,Lenox Hill East,Manhattan,21,Weekday,86.0,126.19999999999999,11.666666666666666,2.1,21.3
140,Lenox Hill East,Manhattan,22,Weekday,62.0,102.6,11.783333333333333,2.22,21.34
140,Lenox Hill East,Manhattan,23,Weekday,42.0,75.79999999999998,12.475,2.8,22.564999999999998
140,Lenox Hill East,Manhattan,0,Weekend,38.0,73.0,11.95,2.65,21.52
140,Lenox Hill East,Manhattan,1,Weekend,20.0,30.39999999999999,10.525,2.5,19.945
140,Lenox Hill East,Manhattan,2,Weekend,11.0,23.999999999999986,9.933333333333334,2.35,19.57
140,Lenox Hill East,Manhattan,3,Weekend,8.0,13.399999999999991,9.366666666666667,2.3200000000000003,19.994999999999997
140,Lenox Hill East,Manhattan,4,Weekend,9.0,15.599999999999994,10.7,2.66,22.0
140,Lenox Hill East,Manhattan,5,Weekend,9.0,13.0,11.95,3.1,24.34
140,Lenox Hill East,Manhattan,6,Weekend,17.0,27.39999999999999,10.783333333333333,2.51,20.94
140,Lenox Hill East,Manhattan,7,Weekend,44.0,58.0,10.075,2.425,19.625
140,Lenox Hill East,Manhattan,8,Weekend,63.0,90.99999999999999,9.216666666666667,1.94,18.52
140,Lenox Hill East,Manhattan,9,Weekend,77.0,114.99999999999999,9.433333333333334,1.9,18.785
140,Lenox Hill East,Manhattan,10,Weekend,107.0,150.99999999999994,9.2,1.66,17.7
140,Lenox Hill East,Manhattan,11,Weekend,113.0,145.39999999999998,9.891666666666666,1.7,18.509999999999998
140,Lenox Hill East,Manhattan,12,Weekend,125.0,152.79999999999998,10.391666666666666,1.7,19.05
140,Lenox Hill East,Manhattan,13,Weekend,132.0,159.99999999999997,10.783333333333333,1.78,19.4
140,Lenox Hill East,Manhattan,14,Weekend,114.0,154.39999999999992,10.533333333333333,1.65,18.73
140,Lenox Hill East,Manhattan,15,Weekend,119.0,163.8,10.6,1.6,18.54
140,Lenox Hill East,Manhattan,16,Weekend,119.0,164.99999999999997,11.383333333333333,1.71,19.490000000000002
140,Lenox Hill East,Manhattan,17,Weekend,128.0,186.8,11.933333333333334,1.8,20.7
140,Lenox Hill East,Manhattan,18,Weekend,121.0,188.8,12.75,1.97,21.94
140,Lenox Hill East,Manhattan,19,Weekend,110.0,175.0,13.083333333333334,2.11,22.2
140,Lenox Hill East,Manhattan,20,Weekend,90.0,143.6,12.266666666666667,2.15,21.42
140,Lenox Hill East,Manhattan,21,Weekend,63.0,99.39999999999999,12.191666666666666,2.3,21.43
140,Lenox Hill East,Manhattan,22,Weekend,46.0,98.8,12.1,2.32,21.75
140,Lenox Hill East,Manhattan,23,Weekend,33.0,73.99999999999997,11.816666666666666,2.66,21.6
141,Lenox Hill West,Manhattan,0,Weekday,22.0,66.19999999999993,9.675,2.065,19.6
141,Lenox Hill West,Manhattan,1,Weekday,11.0,28.19999999999999,9.975,2.13,20.55
141,Lenox Hill West,Manhattan,2,Weekday,7.0,20.39999999999999,9.683333333333334,2.2,19.65
141,Lenox Hill West,Manhattan,3,Weekday,6.0,15.599999999999994,10.0,2.5,19.95
141,Lenox Hill West,Manhattan,4,Weekday,9.0,18.599999999999994,11.75,2.85,23.35
141,Lenox Hill West,Manhattan,5,Weekday,21.0,33.0,9.841666666666667,2.2649999999999997,21.43
141,Lenox Hill West,Manhattan,6,Weekday,58.0,80.0,9.966666666666667,1.97,19.6
141,Lenox Hill West,Manhattan,7,Weekday,149.0,180.0,10.983333333333333,1.61,19.95
141,Lenox Hill West,Manhattan,8,Weekday,175.0,229.39999999999998,12.616666666666667,1.52,21.06
141,Lenox Hill West,Manhattan,9,Weekday,164.0,206.6,12.283333333333333,1.36,20.13
141,Lenox Hill West,Manhattan,10,Weekday,158.0,192.6,11.766666666666667,1.23,19.1
141,Lenox Hill West,Manhattan,11,Weekday,160.0,196.6,12.225,1.18,19.32
141,Lenox Hill West,Manhattan,12,Weekday,163.0,198.0,12.25,1.16,19.3
141,Lenox Hill West,Manhattan,13,Weekday,160.0,192.2,11.983333333333333,1.17,19.11
141,Lenox Hill West,Manhattan,14,Weekday,175.0,217.0,12.183333333333334,1.18,18.95
141,Lenox Hill West,Manhattan,15,Weekday,184.0,228.39999999999998,12.516666666666667,1.18,19.32
141,Lenox Hill West,Manhattan,16,Weekday,154.0,196.8,11.025,1.165,20.64
141,Lenox Hill West,Manhattan,17,Weekday,175.0,242.39999999999998,10.35,1.19,20.5
141,Lenox Hill West,Manhattan,18,Weekday,188.0,264.2,10.2,1.26,20.35
141,Lenox Hill West,Manhattan,19,Weekday,152.0,233.6,9.683333333333334,1.32,20.0
141,Lenox Hill West,Manhattan,20,Weekday,150.0,229.79999999999995,9.75,1.51,18.9
141,Lenox Hill West,Manhattan,21,Weekday,131.0,205.6,10.216666666666667,1.64,19.55
141,Lenox Hill West,Manhattan,22,Weekday,94.0,210.79999999999998,10.616666666666667,1.84,19.744999999999997
141,Lenox Hill West,Manhattan,23,Weekday,48.0,178.99999999999994,10.25,2.01,20.465
141,Lenox Hill West,Manhattan,0,Weekend,92.0,174.19999999999993,10.633333333333333,2.12,20.134999999999998
141,Lenox Hill West,Manhattan,1,Weekend,54.0,101.79999999999998,9.416666666666666,2.06,18.9
141,Lenox Hill West,Manhattan,2,Weekend,33.0,60.0,9.733333333333333,2.2,19.35
141,Lenox Hill West,Manhattan,3,Weekend,29.0,42.19999999999999,8.983333333333333,2.16,19.25
141,Lenox Hill West,Manhattan,4,Weekend,20.0,32.8,9.616666666666667,2.27,20.95
141,Lenox Hill West,Manhattan,5,Weekend,13.0,24.39999999999999,11.466666666666667,2.8,23.88
141,Lenox Hill West,Manhattan,6,Weekend,21.0,32.79999999999998,9.516666666666666,2.3,19.025
141,Lenox Hill West,Manhattan,7,Weekend,39.0,56.39999999999999,7.966666666666667,1.75,17.45
141,Lenox Hill West,Manhattan,8,Weekend,69.0,101.8,7.916666666666667,1.6,16.86
141,Lenox Hill West,Manhattan,9,Weekend,119.0,158.8,7.433333333333334,1.375,16.02
141,Lenox Hill West,Manhattan,10,Weekend,153.0,196.2,8.033333333333333,1.4,16.69
141,Lenox Hill West,Manhattan,11,Weekend,159.0,214.99999999999997,8.45,1.37,16.8
141,Lenox Hill West,Manhattan,12,Weekend,180.0,235.8,8.883333333333333,1.38,16.95
141,Lenox Hill West,Manhattan,13,Weekend,178.0,240.59999999999997,9.033333333333333,1.38,17.4
141,Lenox Hill West,Manhattan,14,Weekend,180.0,216.6,9.066666666666666,1.3,16.85
141,Lenox Hill West,Manhattan,15,Weekend,174.0,235.79999999999995,9.05,1.3,16.86
141,Lenox Hill West,Manhattan,16,Weekend,173.0,233.8,9.741666666666667,1.4,17.7
141,Lenox Hill West,Manhattan,17,Weekend,182.0,276.6,10.183333333333334,1.435,18.55
141,Lenox Hill West,Manhattan,18,Weekend,196.0,301.59999999999997,11.191666666666666,1.59,20.06
141,Lenox Hill West,Manhattan,19,Weekend,148.0,277.8,11.316666666666666,1.67,20.16
141,Lenox Hill West,Manhattan,20,Weekend,136.0,206.8,10.308333333333334,1.68,19.55
141,Lenox Hill West,Manhattan,21,Weekend,124.0,186.2,10.1,1.7,19.1
141,Lenox Hill West,Manhattan,22,Weekend,126.0,243.19999999999982,11.25,1.9,20.52
141,Lenox Hill West,Manhattan,23,Weekend,64.0,197.39999999999992,11.116666666666667,2.06,20.625
142,Lincoln Square East,Manhattan,0,Weekday,37.0,91.39999999999999,11.516666666666667,2.35,22.060000000000002
142,Lincoln Square East,Manhattan,1,Weekday,13.0,33.39999999999999,11.083333333333334,2.3,22.025
142,Lincoln Square East,Manhattan,2,Weekday,5.0,17.799999999999997,11.358333333333334,2.505,22.05
142,Lincoln Square East,Manhattan,3,Weekday,3.0,8.599999999999994,11.016666666666667,2.4,22.23
142,Lincoln Square East,Manhattan,4,Weekday,6.0,11.0,11.566666666666666,2.77,26.25
142,Lincoln Square East,Manhattan,5,Weekday,16.0,25.0,9.508333333333333,2.11,22.85
142,Lincoln Square East,Manhattan,6,Weekday,41.0,57.599999999999994,9.7,1.9,20.99
142,Lincoln Square East,Manhattan,7,Weekday,118.0,148.2,10.366666666666667,1.7,20.12
142,Lincoln Square East,Manhattan,8,Weekday,165.0,218.39999999999998,11.7,1.59,20.95
142,Lincoln Square East,Manhattan,9,Weekday,157.0,205.0,12.016666666666667,1.53,20.22
142,Lincoln Square East,Manhattan,10,Weekday,163.0,213.59999999999997,12.075,1.47,20.0
142,Lincoln Square East,Manhattan,11,Weekday,169.0,222.39999999999998,12.116666666666667,1.44,20.02
142,Lincoln Square East,Manhattan,12,Weekday,187.0,240.8,11.883333333333333,1.44,19.65
142,Lincoln Square East,Manhattan,13,Weekday,187.0,240.6,11.85,1.46,19.65
142,Lincoln Square East,Manhattan,14,Weekday,213.0,265.8,11.733333333333333,1.47,19.5
142,Lincoln Square East,Manhattan,15,Weekday,226.0,294.6,12.133333333333333,1.45,20.02
142,Lincoln Square East,Manhattan,16,Weekday,192.0,303.2,11.216666666666667,1.41,21.48
142,Lincoln Square East,Manhattan,17,Weekday,217.0,323.4,10.983333333333333,1.4,21.5
142,Lincoln Square East,Manhattan,18,Weekday,236.0,359.99999999999994,10.4,1.38,20.95
142,Lincoln Square East,Manhattan,19,Weekday,201.0,296.4,10.35,1.47,21.0
142,Lincoln Square East,Manhattan,20,Weekday,212.0,373.39999999999986,10.833333333333334,1.7,20.52
142,Lincoln Square East,Manhattan,21,Weekday,290.0,606.8,11.75,1.9,21.42
142,Lincoln Square East,Manhattan,22,Weekday,287.0,564.4,12.108333333333334,1.99,22.2
142,Lincoln Square East,Manhattan,23,Weekday,139.0,372.59999999999997,11.466666666666667,2.09,22.145
142,Lincoln Square East,Manhattan,0,Weekend,121.0,212.5999999999999,11.791666666666668,2.2,22.26
142,Lincoln Square East,Manhattan,1,Weekend,45.0,89.79999999999998,11.5,2.4,21.28
142,Lincoln Square East,Manhattan,2,Weekend,17.0,34.8,11.383333333333333,2.565,21.435000000000002
142,Lincoln Square East,Manhattan,3,Weekend,11.0,18.799999999999997,11.466666666666667,2.77,21.96
142,Lincoln Square East,Manhattan,4,Weekend,8.0,16.39999999999999,11.683333333333334,2.9,25.71
142,Lincoln Square East,Manhattan,5,Weekend,9.0,15.0,9.816666666666666,2.2,22.93
142,Lincoln Square East,Manhattan,6,Weekend,16.0,24.799999999999997,9.783333333333333,2.19,20.3
142,Lincoln Square East,Manhattan,7,Weekend,32.0,49.79999999999998,8.666666666666666,1.91,18.59
142,Lincoln Square East,Manhattan,8,Weekend,67.0,89.99999999999999,8.1,1.7,17.7
142,Lincoln Square East,Manhattan,9,Weekend,99.0,140.6,8.233333333333333,1.53,17.5
142,Lincoln Square East,Manhattan,10,Weekend,136.0,199.39999999999995,8.816666666666666,1.55,17.64
142,Lincoln Square East,Manhattan,11,Weekend,170.0,225.7999999999999,9.466666666666667,1.57,18.25
142,Lincoln Square East,Manhattan,12,Weekend,204.0,253.0,10.0,1.5,18.48
142,Lincoln Square East,Manhattan,13,Weekend,208.0,307.4,10.525,1.47,18.54
142,Lincoln Square East,Manhattan,14,Weekend,203.0,271.19999999999993,10.566666666666666,1.5,18.810000000000002
142,Lincoln Square East,Manhattan,15,Weekend,214.0,362.3999999999999,11.2,1.6,19.38
142,Lincoln Square East,Manhattan,16,Weekend,273.0,377.4,11.8,1.63,20.16
142,Lincoln Square East,Manhattan,17,Weekend,280.0,370.3999999999999,11.933333333333334,1.63,20.45
142,Lincoln Square East,Manhattan,18,Weekend,288.0,402.99999999999994,11.216666666666667,1.6,20.0
142,Lincoln Square East,Manhattan,19,Weekend,230.0,432.7999999999997,11.216666666666667,1.6,19.38
142,Lincoln Square East,Manhattan,20,Weekend,214.0,281.6,10.983333333333333,1.74,20.5
142,Lincoln Square East,Manhattan,21,Weekend,216.0,422.3999999999999,11.266666666666667,1.8250000000000002,20.65
142,Lincoln Square East,Manhattan,22,Weekend,197.0,519.6,12.366666666666667,2.0,22.26
142,Lincoln Square East,Manhattan,23,Weekend,200.0,414.99999999999994,11.8,2.0,22.25
161,Midtown Center,Manhattan,0,Weekday,69.0,236.8,10.991666666666667,2.07,22.71
161,Midtown Center,Manhattan,1,Weekday,23.0,99.39999999999998,10.666666666666666,2.25,22.31
161,Midtown Center,Manhattan,2,Weekday,9.0,28.999999999999986,11.216666666666667,2.46,23.1
161,Midtown Center,Manhattan,3,Weekday,6.0,16.999999999999986,12.041666666666668,2.83,25.0
161,Midtown Center,Manhattan,4,Weekday,8.0,15.799999999999997,16.666666666666668,4.28,35.94
161,Midtown Center,Manhattan,5,Weekday,11.0,20.799999999999997,10.883333333333333,2.56,24.35
161,Midtown Center,Manhattan,6,Weekday,41.0,57.8,8.266666666666667,1.5,17.55
161,Midtown Center,Manhattan,7,Weekday,78.0,111.0,9.533333333333333,1.27,17.7
161,Midtown Center,Manhattan,8,Weekday,129.0,177.2,11.583333333333334,1.21,19.31
161,Midtown Center,Manhattan,9,Weekday,170.0,230.6,13.9,1.29,21.06
161,Midtown Center,Manhattan,10,Weekday,197.0,278.0,15.65,1.38,22.74
161,Midtown Center,Manhattan,11,Weekday,238.0,306.0,16.0,1.37,22.75
161,Midtown Center,Manhattan,12,Weekday,265.0,327.2,16.15,1.38,23.0
161,Midtown Center,Manhattan,13,Weekday,285.0,354.2,16.2,1.4,23.15
161,Midtown Center,Manhattan,14,Weekday,319.0,400.59999999999997,16.6,1.43,23.58
161,Midtown Center,Manhattan,15,Weekday,328.0,401.0,16.066666666666666,1.41,23.05
161,Midtown Center,Manhattan,16,Weekday,339.0,471.19999999999993,15.65,1.44,25.13
161,Midtown Center,Manhattan,17,Weekday,383.0,567.9999999999999,15.666666666666666,1.48,25.55
161,Midtown Center,Manhattan,18,Weekday,415.0,592.0,14.6,1.5,24.9
161,Midtown Center,Manhattan,19,Weekday,419.0,568.5999999999999,13.633333333333333,1.6,24.15
161,Midtown Center,Manhattan,20,Weekday,510.0,721.0,13.433333333333334,1.82,24.25
161,Midtown Center,Manhattan,21,Weekday,500.0,688.8,13.033333333333333,1.89,24.96
161,Midtown Center,Manhattan,22,Weekday,342.0,558.2,12.616666666666667,1.91,24.15
161,Midtown Center,Manhattan,23,Weekday,174.0,472.59999999999985,11.816666666666666,1.91,23.1
161,Midtown Center,Manhattan,0,Weekend,99.0,250.39999999999995,11.975,1.99,23.94
161,Midtown Center,Manhattan,1,Weekend,41.0,126.39999999999993,11.683333333333334,2.25,23.1
161,Midtown Center,Manhattan,2,Weekend,19.0,50.39999999999998,11.383333333333333,2.5,22.75
161,Midtown Center,Manhattan,3,Weekend,11.0,21.0,12.591666666666667,3.12,24.19
161,Midtown Center,Manhattan,4,Weekend,11.0,21.0,15.816666666666666,4.1850000000000005,32.05
161,Midtown Center,Manhattan,5,Weekend,9.0,22.999999999999986,16.825,5.51,36.295
161,Midtown Center,Manhattan,6,Weekend,14.0,27.39999999999999,12.399999999999999,2.75,23.835
161,Midtown Center,Manhattan,7,Weekend,25.0,51.19999999999999,8.916666666666666,1.85,19.31
161,Midtown Center,Manhattan,8,Weekend,47.0,75.99999999999997,9.8,1.8050000000000002,19.215
161,Midtown Center,Manhattan,9,Weekend,87.0,128.2,10.216666666666667,1.74,19.38
161,Midtown Center,Manhattan,10,Weekend,140.0,253.9999999999999,10.566666666666666,1.63,19.38
161,Midtown Center,Manhattan,11,Weekend,206.0,296.79999999999995,11.383333333333333,1.52,19.65
161,Midtown Center,Manhattan,12,Weekend,216.0,307.4,12.3,1.51,20.22
161,Midtown Center,Manhattan,13,Weekend,237.0,310.79999999999995,13.266666666666667,1.47,21.05
161,Midtown Center,Manhattan,14,Weekend,239.0,314.4,13.416666666666666,1.49,21.06
161,Midtown Center,Manhattan,15,Weekend,249.0,314.8,13.4,1.5,21.06
161,Midtown Center,Manhattan,16,Weekend,288.0,363.19999999999993,13.916666666666666,1.47,21.79
161,Midtown Center,Manhattan,17,Weekend,284.0,339.5999999999999,14.016666666666667,1.46,21.9
161,Midtown Center,Manhattan,18,Weekend,262.0,326.4,13.916666666666666,1.43,21.9
161,Midtown Center,Manhattan,19,Weekend,228.0,294.2,13.866666666666667,1.42,21.9
161,Midtown Center,Manhattan,20,Weekend,164.0,242.2,13.183333333333334,1.48,22.29
161,Midtown Center,Manhattan,21,Weekend,168.0,251.0,12.75,1.58,22.25
161,Midtown Center,Manhattan,22,Weekend,205.0,297.2,12.333333333333334,1.64,22.26
161,Midtown Center,Manhattan,23,Weekend,125.0,301.2,12.233333333333333,1.67,22.75
162,Midtown East,Manhattan,0,Weekday,40.0,126.39999999999992,10.466666666666667,2.1,21.42
162,Midtown East,Manhattan,1,Weekday,16.0,40.8,9.666666666666666,2.01,20.58
162,Midtown East,Manhattan,2,Weekday,9.0,24.399999999999977,10.283333333333333,2.26,21.48
162,Midtown East,Manhattan,3,Weekday,5.0,11.199999999999989,11.725,2.8,23.7
162,Midtown East,Manhattan,4,Weekday,6.0,15.799999999999997,15.358333333333334,4.53,33.42
162,Midtown East,Manhattan,5,Weekday,21.0,32.8,7.85,1.51,18.06
162,Midtown East,Manhattan,6,Weekday,67.0,83.6,7.883333333333334,1.37,16.75
162,Midtown East,Manhattan,7,Weekday,126.0,171.6,9.633333333333333,1.3,17.7
162,Midtown East,Manhattan,8,Weekday,168.0,232.39999999999998,11.95,1.3,19.4
162,Midtown East,Manhattan,9,Weekday,193.0,259.0,13.933333333333334,1.3,21.06
162,Midtown East,Manhattan,10,Weekday,181.0,248.2,15.766666666666667,1.35,22.74
162,Midtown East,Manhattan,11,Weekday,186.0,253.39999999999998,16.316666666666666,1.37,23.494999999999997
162,Midtown East,Manhattan,12,Weekday,200.0,246.2,16.3,1.35,23.05
162,Midtown East,Manhattan,13,Weekday,209.0,257.6,16.583333333333332,1.4,23.58
162,Midtown East,Manhattan,14,Weekday,226.0,290.8,16.866666666666667,1.42,23.58
162,Midtown East,Manhattan,15,Weekday,227.0,293.2,16.433333333333334,1.43,23.55
162,Midtown East,Manhattan,16,Weekday,256.0,320.6,15.566666666666666,1.47,25.13
162,Midtown East,Manhattan,17,Weekday,339.0,426.79999999999995,15.733333333333333,1.5,25.74
162,Midtown East,Manhattan,18,Weekday,374.0,498.19999999999993,14.45,1.51,24.9
162,Midtown East,Manhattan,19,Weekday,317.0,409.59999999999997,13.0,1.6,23.86
162,Midtown East,Manhattan,20,Weekday,355.0,484.0,13.266666666666667,1.84,23.94
162,Midtown East,Manhattan,21,Weekday,289.0,506.59999999999997,12.716666666666667,1.9,24.05
162,Midtown East,Manhattan,22,Weekday,173.0,439.79999999999995,12.083333333333334,1.9,23.1
162,Midtown East,Manhattan,23,Weekday,86.0,248.0,11.216666666666667,1.93,22.25
162,Midtown East,Manhattan,0,Weekend,71.0,148.6,11.141666666666666,1.95,21.42
162,Midtown East,Manhattan,1,Weekend,42.0,64.19999999999997,10.583333333333334,2.02,20.85
162,Midtown East,Manhattan,2,Weekend,21.0,35.79999999999998,10.366666666666667,2.19,21.2
162,Midtown East,Manhattan,3,Weekend,12.0,21.599999999999994,10.1,2.07,19.96
162,Midtown East,Manhattan,4,Weekend,10.0,23.19999999999999,11.633333333333333,2.85,24.93
162,Midtown East,Manhattan,5,Weekend,7.0,19.19999999999999,14.6,4.145,30.905
162,Midtown East,Manhattan,6,Weekend,24.0,37.999999999999986,8.408333333333333,1.74,18.085
162,Midtown East,Manhattan,7,Weekend,30.0,51.8,8.516666666666667,1.56,17.45
162,Midtown East,Manhattan,8,Weekend,53.0,92.8,9.15,1.55,17.7
162,Midtown East,Manhattan,9,Weekend,80.0,133.59999999999997,9.775,1.62,18.54
162,Midtown East,Manhattan,10,Weekend,129.0,190.59999999999997,11.0,1.62,19.38
162,Midtown East,Manhattan,11,Weekend,175.0,230.8,11.825,1.57,20.19
162,Midtown East,Manhattan,12,Weekend,183.0,226.99999999999997,12.541666666666668,1.52,20.35
162,Midtown East,Manhattan,13,Weekend,170.0,224.59999999999997,12.966666666666667,1.46,21.05
162,Midtown East,Manhattan,14,Weekend,158.0,240.99999999999994,13.0,1.5,21.05
162,Midtown East,Manhattan,15,Weekend,161.0,199.0,12.883333333333333,1.5,20.35
162,Midtown East,Manhattan,16,Weekend,175.0,257.2,13.966666666666667,1.5350000000000001,21.9
162,Midtown East,Manhattan,17,Weekend,203.0,307.79999999999984,14.016666666666667,1.51,21.9
162,Midtown East,Manhattan,18,Weekend,205.0,280.19999999999993,13.466666666666667,1.5,21.75
162,Midtown East,Manhattan,19,Weekend,175.0,249.6,13.35,1.5,21.06
162,Midtown East,Manhattan,20,Weekend,133.0,199.99999999999994,12.266666666666667,1.59,21.42
162,Midtown East,Manhattan,21,Weekend,109.0,193.2,11.716666666666667,1.62,21.25
162,Midtown East,Manhattan,22,Weekend,96.0,228.5999999999999,12.333333333333334,1.76,22.05
162,Midtown East,Manhattan,23,Weekend,77.0,204.79999999999973,11.75,1.8,21.65
163,Midtown North,Manhattan,0,Weekday,38.0,135.2,10.933333333333334,2.1,22.03
163,Midtown North,Manhattan,1,Weekday,17.0,48.79999999999998,10.683333333333334,2.23,21.44
163,Midtown North,Manhattan,2,Weekday,8.0,20.0,11.7,2.6950000000000003,23.35
163,Midtown North,Manhattan,3,Weekday,5.0,14.599999999999994,13.0,3.17,24.79
163,Midtown North,Manhattan,4,Weekday,7.0,14.0,15.116666666666667,3.98,30.55
163,Midtown North,Manhattan,5,Weekday,10.0,16.799999999999997,10.783333333333333,2.4,25.84
163,Midtown North,Manhattan,6,Weekday,17.0,28.0,10.616666666666667,1.9,20.22
163,Midtown North,Manhattan,7,Weekday,53.0,73.8,10.333333333333334,1.49,19.17
163,Midtown North,Manhattan,8,Weekday,80.0,127.0,11.416666666666666,1.35,19.65
163,Midtown North,Manhattan,9,Weekday,100.0,143.0,13.383333333333333,1.37,21.06
163,Midtown North,Manhattan,10,Weekday,122.0,163.2,14.333333333333334,1.4,21.9
163,Midtown North,Manhattan,11,Weekday,150.0,193.8,14.416666666666666,1.37,21.9
163,Midtown North,Manhattan,12,Weekday,155.0,223.8,14.75,1.38,21.9
163,Midtown North,Manhattan,13,Weekday,169.0,233.19999999999996,14.616666666666667,1.4,21.9
163,Midtown North,Manhattan,14,Weekday,189.0,240.8,14.75,1.4,21.9
163,Midtown North,Manhattan,15,Weekday,188.0,240.39999999999998,14.633333333333333,1.37,21.9
163,Midtown North,Manhattan,16,Weekday,198.0,241.59999999999997,14.066666666666666,1.39,24.05
163,Midtown North,Manhattan,17,Weekday,236.0,304.6,13.75,1.4,24.06
163,Midtown North,Manhattan,18,Weekday,261.0,338.59999999999997,12.8,1.39,23.22
163,Midtown North,Manhattan,19,Weekday,228.0,298.59999999999997,12.233333333333333,1.47,23.15
163,Midtown North,Manhattan,20,Weekday,240.0,340.59999999999997,12.633333333333333,1.7,22.95
163,Midtown North,Manhattan,21,Weekday,261.0,370.2,12.133333333333333,1.73,23.0
163,Midtown North,Manhattan,22,Weekday,205.0,383.4,12.133333333333333,1.8,22.96
163,Midtown North,Manhattan,23,Weekday,99.0,266.5999999999999,11.95,1.92,23.1
163,Midtown North,Manhattan,0,Weekend,86.0,190.2,11.783333333333333,2.06,23.1
163,Midtown North,Manhattan,1,Weekend,44.0,103.79999999999998,11.133333333333333,2.19,22.0
163,Midtown North,Manhattan,2,Weekend,20.0,41.79999999999998,11.100000000000001,2.4,21.95
163,Midtown North,Manhattan,3,Weekend,13.0,21.0,12.083333333333332,2.78,22.275
163,Midtown North,Manhattan,4,Weekend,12.0,20.0,14.316666666666666,3.55,28.98
163,Midtown North,Manhattan,5,Weekend,8.0,18.19999999999999,11.85,2.7,26.65
163,Midtown North,Manhattan,6,Weekend,14.0,22.799999999999997,9.866666666666667,2.1,20.22
163,Midtown North,Manhattan,7,Weekend,22.0,44.19999999999999,9.441666666666666,1.8250000000000002,19.31
163,Midtown North,Manhattan,8,Weekend,44.0,68.6,9.566666666666666,1.76,19.15
163,Midtown North,Manhattan,9,Weekend,71.0,108.39999999999998,9.491666666666667,1.66,18.54
163,Midtown North,Manhattan,10,Weekend,106.0,153.39999999999998,10.016666666666667,1.54,18.55
163,Midtown North,Manhattan,11,Weekend,132.0,185.39999999999998,10.733333333333333,1.5,19.31
163,Midtown North,Manhattan,12,Weekend,156.0,200.0,11.383333333333333,1.44,19.55
163,Midtown North,Manhattan,13,Weekend,166.0,208.99999999999997,12.066666666666666,1.4,20.22
163,Midtown North,Manhattan,14,Weekend,164.0,220.79999999999995,12.35,1.42,20.22
163,Midtown North,Manhattan,15,Weekend,171.0,228.39999999999998,12.733333333333333,1.44,20.65
163,Midtown North,Manhattan,16,Weekend,194.0,227.99999999999997,13.6,1.48,21.61
163,Midtown North,Manhattan,17,Weekend,186.0,217.0,13.4,1.44,21.9
163,Midtown North,Manhattan,18,Weekend,194.0,233.2,12.716666666666667,1.4,21.06
163,Midtown North,Manhattan,19,Weekend,173.0,233.2,12.533333333333333,1.36,21.05
163,Midtown North,Manhattan,20,Weekend,120.0,179.59999999999997,12.058333333333334,1.49,21.42
163,Midtown North,Manhattan,21,Weekend,143.0,201.59999999999997,12.241666666666667,1.63,21.95
163,Midtown North,Manhattan,22,Weekend,120.0,238.79999999999995,12.3,1.67,22.85
163,Midtown North,Manhattan,23,Weekend,74.0,179.99999999999994,12.416666666666666,1.85,23.1
164,Midtown South,Manhattan,0,Weekday,52.0,177.2,11.55,2.16,22.75
164,Midtown South,Manhattan,1,Weekday,27.0,108.8,12.283333333333333,2.47,23.45
164,Midtown South,Manhattan,2,Weekday,16.0,76.79999999999994,11.733333333333333,2.45,22.95
164,Midtown South,Manhattan,3,Weekday,11.0,31.799999999999983,13.15,3.11,25.93
164,Midtown South,Manhattan,4,Weekday,11.0,26.39999999999999,13.283333333333333,3.38,29.64
164,Midtown South,Manhattan,5,Weekday,9.0,23.599999999999994,10.933333333333334,2.38,26.74
164,Midtown South,Manhattan,6,Weekday,21.0,33.0,9.166666666666666,1.5,19.8
164,Midtown South,Manhattan,7,Weekday,40.0,65.0,9.016666666666667,1.2,17.96
164,Midtown South,Manhattan,8,Weekday,78.0,114.79999999999997,11.233333333333333,1.18,20.2
164,Midtown South,Manhattan,9,Weekday,83.0,135.39999999999998,12.766666666666667,1.2,20.34
164,Midtown South,Manhattan,10,Weekday,87.0,126.6,14.366666666666667,1.28,21.9
164,Midtown South,Manhattan,11,Weekday,102.0,141.8,15.658333333333333,1.31,22.93
164,Midtown South,Manhattan,12,Weekday,108.0,142.39999999999998,15.516666666666667,1.3,22.74
164,Midtown South,Manhattan,13,Weekday,119.0,153.0,15.5,1.33,22.74
164,Midtown South,Manhattan,14,Weekday,121.0,167.8,15.516666666666667,1.3,22.74
164,Midtown South,Manhattan,15,Weekday,129.0,165.2,15.283333333333333,1.33,22.74
164,Midtown South,Manhattan,16,Weekday,127.0,172.0,14.5,1.34,24.06
164,Midtown South,Manhattan,17,Weekday,154.0,204.8,14.316666666666666,1.37,24.15
164,Midtown South,Manhattan,18,Weekday,162.0,209.8,13.416666666666666,1.35,23.85
164,Midtown South,Manhattan,19,Weekday,157.0,220.0,13.133333333333333,1.43,23.55
164,Midtown South,Manhattan,20,Weekday,175.0,284.19999999999993,13.383333333333333,1.64,23.85
164,Midtown South,Manhattan,21,Weekday,193.0,280.0,13.2,1.72,24.5
164,Midtown South,Manhattan,22,Weekday,176.0,279.0,13.041666666666668,1.84,24.29
164,Midtown South,Manhattan,23,Weekday,113.0,279.2,12.833333333333334,1.9,24.25
164,Midtown South,Manhattan,0,Weekend,161.0,248.99999999999994,12.95,1.94,25.41
164,Midtown South,Manhattan,1,Weekend,124.0,223.99999999999994,12.05,2.03,23.1
164,Midtown South,Manhattan,2,Weekend,88.0,132.0,11.841666666666667,2.36,22.26
164,Midtown South,Manhattan,3,Weekend,62.0,86.6,11.5,2.44,22.87
164,Midtown South,Manhattan,4,Weekend,49.0,77.19999999999997,11.05,2.5,24.85
164,Midtown South,Manhattan,5,Weekend,20.0,40.8,10.983333333333334,2.46,23.91
164,Midtown South,Manhattan,6,Weekend,14.0,31.0,10.75,2.605,21.755000000000003
164,Midtown South,Manhattan,7,Weekend,18.0,33.8,8.233333333333333,1.56,18.54
164,Midtown South,Manhattan,8,Weekend,37.0,62.8,8.816666666666666,1.5,18.25
164,Midtown South,Manhattan,9,Weekend,58.0,97.0,9.758333333333333,1.605,18.965
164,Midtown South,Manhattan,10,Weekend,84.0,122.19999999999999,10.4,1.59,18.95
164,Midtown South,Manhattan,11,Weekend,105.0,138.8,11.866666666666667,1.58,20.25
164,Midtown South,Manhattan,12,Weekend,119.0,167.2,12.691666666666666,1.51,21.05
164,Midtown South,Manhattan,13,Weekend,119.0,161.0,14.066666666666666,1.5,21.9
164,Midtown South,Manhattan,14,Weekend,111.0,165.99999999999997,14.225,1.54,21.9
164,Midtown South,Manhattan,15,Weekend,114.0,193.99999999999997,14.35,1.48,21.9
164,Midtown South,Manhattan,16,Weekend,126.0,174.0,14.683333333333334,1.43,22.68
164,Midtown South,Manhattan,17,Weekend,133.0,179.0,14.55,1.41,22.8
164,Midtown South,Manhattan,18,Weekend,156.0,190.8,14.583333333333334,1.47,23.58
164,Midtown South,Manhattan,19,Weekend,143.0,203.39999999999998,14.466666666666667,1.47,22.945
164,Midtown South,Manhattan,20,Weekend,130.0,185.8,14.575,1.59,23.45
164,Midtown South,Manhattan,21,Weekend,128.0,191.39999999999998,14.333333333333334,1.67,23.21
164,Midtown South,Manhattan,22,Weekend,127.0,214.2,13.808333333333334,1.76,24.05
164,Midtown South,Manhattan,23,Weekend,98.0,253.99999999999997,13.433333333333334,1.8,24.325000000000003
170,Murray Hill,Manhattan,0,Weekday,38.0,125.99999999999997,10.866666666666667,2.1,21.63
170,Murray Hill,Manhattan,1,Weekday,17.0,71.19999999999997,11.0,2.21,22.25
170,Murray Hill,Manhattan,2,Weekday,10.0,32.59999999999998,10.966666666666667,2.36,22.32
170,Murray Hill,Manhattan,3,Weekday,5.0,15.599999999999994,11.883333333333333,2.9050000000000002,23.665
170,Murray Hill,Manhattan,4,Weekday,7.0,18.799999999999997,11.15,2.7,25.95
170,Murray Hill,Manhattan,5,Weekday,17.0,31.0,8.45,1.6749999999999998,19.69
170,Murray Hill,Manhattan,6,Weekday,48.0,73.19999999999999,8.491666666666667,1.4,17.7
170,Murray Hill,Manhattan,7,Weekday,100.0,126.6,10.2,1.4,18.97
170,Murray Hill,Manhattan,8,Weekday,146.0,203.2,12.066666666666666,1.3,20.22
170,Murray Hill,Manhattan,9,Weekday,170.0,223.79999999999998,13.783333333333333,1.3,21.61
170,Murray Hill,Manhattan,10,Weekday,166.0,213.0,15.15,1.38,22.74
170,Murray Hill,Manhattan,11,Weekday,172.0,224.39999999999998,16.0,1.4,23.58
170,Murray Hill,Manhattan,12,Weekday,184.0,230.2,16.333333333333332,1.41,23.6
170,Murray Hill,Manhattan,13,Weekday,187.0,219.39999999999998,16.233333333333334,1.42,23.58
170,Murray Hill,Manhattan,14,Weekday,194.0,237.2,16.3,1.44,23.58
170,Murray Hill,Manhattan,15,Weekday,197.0,246.8,15.983333333333333,1.49,23.575
170,Murray Hill,Manhattan,16,Weekday,189.0,236.0,15.416666666666666,1.46,24.9
170,Murray Hill,Manhattan,17,Weekday,211.0,278.8,15.333333333333334,1.49,25.34
170,Murray Hill,Manhattan,18,Weekday,229.0,288.2,14.35,1.5,24.9
170,Murray Hill,Manhattan,19,Weekday,223.0,293.4,13.35,1.57,24.06
170,Murray Hill,Manhattan,20,Weekday,229.0,316.4,13.033333333333333,1.79,23.1
170,Murray Hill,Manhattan,21,Weekday,196.0,289.8,12.566666666666666,1.82,23.1
170,Murray Hill,Manhattan,22,Weekday,161.0,270.8,12.133333333333333,1.9,22.965
170,Murray Hill,Manhattan,23,Weekday,100.0,241.59999999999997,11.666666666666666,1.95,22.26
170,Murray Hill,Manhattan,0,Weekend,124.0,227.39999999999992,11.833333333333334,1.98,23.05
170,Murray Hill,Manhattan,1,Weekend,74.0,122.0,11.0,2.0,20.94
170,Murray Hill,Manhattan,2,Weekend,43.0,75.8,10.416666666666668,2.165,20.58
170,Murray Hill,Manhattan,3,Weekend,31.0,51.39999999999998,9.958333333333332,2.2,20.15
170,Murray Hill,Manhattan,4,Weekend,23.0,42.39999999999998,10.266666666666667,2.3,22.95
170,Murray Hill,Manhattan,5,Weekend,13.0,27.39999999999999,10.6,2.3,22.72
170,Murray Hill,Manhattan,6,Weekend,25.0,35.0,8.375,1.7,17.92
170,Murray Hill,Manhattan,7,Weekend,33.0,50.599999999999994,8.466666666666667,1.5550000000000002,17.65
170,Murray Hill,Manhattan,8,Weekend,59.0,83.79999999999997,9.066666666666666,1.565,17.7
170,Murray Hill,Manhattan,9,Weekend,88.0,131.59999999999997,9.6,1.58,18.5
170,Murray Hill,Manhattan,10,Weekend,133.0,164.8,10.516666666666667,1.57,19.25
170,Murray Hill,Manhattan,11,Weekend,157.0,214.19999999999993,11.433333333333334,1.55,19.94
170,Murray Hill,Manhattan,12,Weekend,168.0,209.39999999999998,12.533333333333333,1.6,20.95
170,Murray Hill,Manhattan,13,Weekend,171.0,226.5999999999999,13.233333333333333,1.57,21.06
170,Murray Hill,Manhattan,14,Weekend,162.0,186.6,13.458333333333332,1.62,21.35
170,Murray Hill,Manhattan,15,Weekend,144.0,210.39999999999998,13.483333333333333,1.56,21.35
170,Murray Hill,Manhattan,16,Weekend,153.0,215.39999999999992,14.083333333333334,1.6,21.9
170,Murray Hill,Manhattan,17,Weekend,174.0,244.79999999999995,14.15,1.57,22.74
170,Murray Hill,Manhattan,18,Weekend,192.0,283.0,14.233333333333333,1.61,23.11
170,Murray Hill,Manhattan,19,Weekend,159.0,298.0,14.216666666666667,1.61,22.81
170,Murray Hill,Manhattan,20,Weekend,131.0,227.8,13.658333333333333,1.69,22.26
170,Murray Hill,Manhattan,21,Weekend,129.0,195.39999999999998,13.2,1.74,22.01
170,Murray Hill,Manhattan,22,Weekend,123.0,237.39999999999998,13.0,1.8,22.86
170,Murray Hill,Manhattan,23,Weekend,85.0,257.39999999999986,12.7,1.94,23.1
186,Penn Station/Madison Sq West,Manhattan,0,Weekday,64.0,152.59999999999997,12.341666666666667,2.26,23.1
186,Penn Station/Madison Sq West,Manhattan,1,Weekday,29.0,79.19999999999996,11.6,2.22,22.05
186,Penn Station/Madison Sq West,Manhattan,2,Weekday,12.0,47.99999999999997,11.216666666666667,2.19,22.225
186,Penn Station/Madison Sq West,Manhattan,3,Weekday,7.0,23.39999999999999,9.25,1.93,20.71
186,Penn Station/Madison Sq West,Manhattan,4,Weekday,9.0,26.999999999999986,8.883333333333333,1.73,21.35
186,Penn Station/Madison Sq West,Manhattan,5,Weekday,56.0,71.8,7.133333333333334,1.4,17.25
186,Penn Station/Madison Sq West,Manhattan,6,Weekday,115.0,151.8,8.25,1.31,16.85
186,Penn Station/Madison Sq West,Manhattan,7,Weekday,168.0,243.39999999999998,9.5,1.24,17.7
186,Penn Station/Madison Sq West,Manhattan,8,Weekday,189.0,314.6,11.766666666666667,1.22,19.38
186,Penn Station/Madison Sq West,Manhattan,9,Weekday,214.0,348.0,14.266666666666667,1.21,21.06
186,Penn Station/Madison Sq West,Manhattan,10,Weekday,199.0,330.0,18.283333333333335,1.38,24.56
186,Penn Station/Madison Sq West,Manhattan,11,Weekday,212.0,298.2,19.583333333333332,1.4,26.1
186,Penn Station/Madison Sq West,Manhattan,12,Weekday,192.0,275.79999999999995,19.258333333333333,1.4,25.7
186,Penn Station/Madison Sq West,Manhattan,13,Weekday,208.0,289.8,19.25,1.47,25.95
186,Penn Station/Madison Sq West,Manhattan,14,Weekday,179.0,257.0,17.883333333333333,1.47,24.55
186,Penn Station/Madison Sq West,Manhattan,15,Weekday,184.0,244.59999999999997,17.433333333333334,1.47,24.42
186,Penn Station/Madison Sq West,Manhattan,16,Weekday,171.0,241.39999999999998,16.608333333333334,1.45,25.95
186,Penn Station/Madison Sq West,Manhattan,17,Weekday,218.0,292.0,15.9,1.43,25.74
186,Penn Station/Madison Sq West,Manhattan,18,Weekday,215.0,283.6,14.9,1.45,24.9
186,Penn Station/Madison Sq West,Manhattan,19,Weekday,202.0,326.59999999999997,14.891666666666666,1.58,24.9
186,Penn Station/Madison Sq West,Manhattan,20,Weekday,195.0,280.4,14.866666666666667,1.7,23.94
186,Penn Station/Madison Sq West,Manhattan,21,Weekday,205.0,318.8,14.916666666666666,1.9,24.78
186,Penn Station/Madison Sq West,Manhattan,22,Weekday,216.0,340.5999999999999,14.8,2.02,25.03
186,Penn Station/Madison Sq West,Manhattan,23,Weekday,125.0,286.5999999999999,13.983333333333333,2.08,24.75
186,Penn Station/Madison Sq West,Manhattan,0,Weekend,131.0,196.99999999999997,14.566666666666666,2.1,25.62
186,Penn Station/Madison Sq West,Manhattan,1,Weekend,80.0,136.2,13.066666666666666,2.16,23.94
186,Penn Station/Madison Sq West,Manhattan,2,Weekend,51.0,73.79999999999998,13.0,2.395,23.45
186,Penn Station/Madison Sq West,Manhattan,3,Weekend,32.0,58.8,11.491666666666667,2.3899999999999997,22.75
186,Penn Station/Madison Sq West,Manhattan,4,Weekend,23.0,37.39999999999999,10.133333333333333,2.035,22.884999999999998
186,Penn Station/Madison Sq West,Manhattan,5,Weekend,28.0,45.59999999999998,8.35,1.71,19.25
186,Penn Station/Madison Sq West,Manhattan,6,Weekend,47.0,68.8,8.266666666666667,1.52,16.86
186,Penn Station/Madison Sq West,Manhattan,7,Weekend,44.0,62.99999999999997,8.383333333333333,1.51,16.96
186,Penn Station/Madison Sq West,Manhattan,8,Weekend,60.0,97.79999999999994,8.733333333333333,1.39,17.15
186,Penn Station/Madison Sq West,Manhattan,9,Weekend,98.0,158.59999999999994,10.316666666666666,1.49,18.54
186,Penn Station/Madison Sq West,Manhattan,10,Weekend,157.0,213.59999999999997,11.366666666666667,1.49,19.38
186,Penn Station/Madison Sq West,Manhattan,11,Weekend,237.0,309.2,13.1,1.44,20.85
186,Penn Station/Madison Sq West,Manhattan,12,Weekend,261.0,331.79999999999995,15.291666666666668,1.43,21.994999999999997
186,Penn Station/Madison Sq West,Manhattan,13,Weekend,275.0,353.59999999999997,16.75,1.5,23.69
186,Penn Station/Madison Sq West,Manhattan,14,Weekend,248.0,356.7999999999999,17.133333333333333,1.6,23.95
186,Penn Station/Madison Sq West,Manhattan,15,Weekend,224.0,328.9999999999999,17.483333333333334,1.59,24.42
186,Penn Station/Madison Sq West,Manhattan,16,Weekend,231.0,318.99999999999994,18.4,1.59,25.25
186,Penn Station/Madison Sq West,Manhattan,17,Weekend,252.0,359.79999999999995,18.491666666666667,1.61,25.41
186,Penn Station/Madison Sq West,Manhattan,18,Weekend,259.0,310.0,17.966666666666665,1.62,25.26
186,Penn Station/Madison Sq West,Manhattan,19,Weekend,217.0,272.0,16.941666666666666,1.6,24.42
186,Penn Station/Madison Sq West,Manhattan,20,Weekend,181.0,304.9999999999998,16.766666666666666,1.69,24.93
186,Penn Station/Madison Sq West,Manhattan,21,Weekend,181.0,259.4,15.8,1.82,24.78
186,Penn Station/Madison Sq West,Manhattan,22,Weekend,193.0,341.59999999999985,16.45,1.95,25.62
186,Penn Station/Madison Sq West,Manhattan,23,Weekend,131.0,302.1999999999998,14.95,2.04,24.78
230,Times Sq/Theatre District,Manhattan,0,Weekday,81.0,234.79999999999995,11.8,2.15,23.19
230,Times Sq/Theatre District,Manhattan,1,Weekday,39.0,88.39999999999999,11.366666666666667,2.4,22.75
230,Times Sq/Theatre District,Manhattan,2,Weekday,21.0,45.8,11.933333333333334,2.74,23.94
230,Times Sq/Theatre District,Manhattan,3,Weekday,14.0,37.39999999999999,13.75,3.33,26.42
230,Times Sq/Theatre District,Manhattan,4,Weekday,15.0,31.799999999999997,17.05,4.85,38.15
230,Times Sq/Theatre District,Manhattan,5,Weekday,21.0,36.8,14.333333333333334,3.46,30.94
230,Times Sq/Theatre District,Manhattan,6,Weekday,33.0,59.0,14.308333333333334,3.01,25.91
230,Times Sq/Theatre District,Manhattan,7,Weekday,50.0,99.19999999999999,11.866666666666667,1.6,21.05
230,Times Sq/Theatre District,Manhattan,8,Weekday,94.0,148.39999999999995,13.6,1.4,21.91
230,Times Sq/Theatre District,Manhattan,9,Weekday,112.0,186.59999999999994,15.766666666666667,1.5,23.58
230,Times Sq/Theatre District,Manhattan,10,Weekday,125.0,186.0,16.833333333333332,1.6,23.95
230,Times Sq/Theatre District,Manhattan,11,Weekday,140.0,210.39999999999998,17.2,1.55,24.42
230,Times Sq/Theatre District,Manhattan,12,Weekday,139.0,199.79999999999998,17.1,1.53,24.42
230,Times Sq/Theatre District,Manhattan,13,Weekday,143.0,195.2,16.333333333333332,1.52,23.58
230,Times Sq/Theatre District,Manhattan,14,Weekday,154.0,212.0,15.85,1.5,23.15
230,Times Sq/Theatre District,Manhattan,15,Weekday,159.0,233.59999999999997,14.983333333333333,1.41,22.7
230,Times Sq/Theatre District,Manhattan,16,Weekday,178.0,260.0,15.2,1.4,24.9
230,Times Sq/Theatre District,Manhattan,17,Weekday,215.0,278.6,15.033333333333333,1.4,24.9
230,Times Sq/Theatre District,Manhattan,18,Weekday,232.0,310.2,14.016666666666667,1.4,24.06
230,Times Sq/Theatre District,Manhattan,19,Weekday,227.0,305.8,13.533333333333333,1.49,24.06
230,Times Sq/Theatre District,Manhattan,20,Weekday,274.0,388.59999999999997,13.366666666666667,1.71,23.94
230,Times Sq/Theatre District,Manhattan,21,Weekday,367.0,548.8,13.433333333333334,1.8,25.55
230,Times Sq/Theatre District,Manhattan,22,Weekday,320.0,453.4,13.316666666666666,1.81,24.85
230,Times Sq/Theatre District,Manhattan,23,Weekday,199.0,348.0,12.75,1.86,24.06
230,Times Sq/Theatre District,Manhattan,0,Weekend,150.0,254.59999999999994,12.566666666666666,1.86,24.78
230,Times Sq/Theatre District,Manhattan,1,Weekend,81.0,175.79999999999995,12.016666666666667,2.18,23.1
230,Times Sq/Theatre District,Manhattan,2,Weekend,51.0,87.19999999999996,13.066666666666666,2.81,23.95
230,Times Sq/Theatre District,Manhattan,3,Weekend,39.0,52.599999999999994,14.3,3.41,26.46
230,Times Sq/Theatre District,Manhattan,4,Weekend,33.0,58.79999999999997,14.633333333333333,3.79,30.52
230,Times Sq/Theatre District,Manhattan,5,Weekend,20.0,33.39999999999999,17.9,5.12,33.68
230,Times Sq/Theatre District,Manhattan,6,Weekend,28.0,56.599999999999994,13.366666666666667,3.505,26.47
230,Times Sq/Theatre District,Manhattan,7,Weekend,41.0,73.79999999999997,9.983333333333333,1.91,20.2
230,Times Sq/Theatre District,Manhattan,8,Weekend,75.0,106.39999999999999,10.475,1.8,20.22
230,Times Sq/Theatre District,Manhattan,9,Weekend,117.0,174.79999999999998,10.566666666666666,1.705,20.060000000000002
230,Times Sq/Theatre District,Manhattan,10,Weekend,151.0,222.0,11.708333333333332,1.775,20.994999999999997
230,Times Sq/Theatre District,Manhattan,11,Weekend,164.0,229.59999999999997,12.733333333333333,1.66,21.06
230,Times Sq/Theatre District,Manhattan,12,Weekend,170.0,221.39999999999998,13.533333333333333,1.6,21.9
230,Times Sq/Theatre District,Manhattan,13,Weekend,163.0,218.6,13.866666666666667,1.43,21.65
230,Times Sq/Theatre District,Manhattan,14,Weekend,143.0,203.2,15.083333333333334,1.6,22.74
230,Times Sq/Theatre District,Manhattan,15,Weekend,188.0,243.2,14.283333333333333,1.48,21.94
230,Times Sq/Theatre District,Manhattan,16,Weekend,243.0,344.3999999999999,14.866666666666667,1.5,22.75
230,Times Sq/Theatre District,Manhattan,17,Weekend,222.0,280.99999999999994,15.083333333333334,1.4,23.15
230,Times Sq/Theatre District,Manhattan,18,Weekend,198.0,249.2,14.966666666666667,1.35,23.05
230,Times Sq/Theatre District,Manhattan,19,Weekend,162.0,248.59999999999985,14.0,1.335,21.9
230,Times Sq/Theatre District,Manhattan,20,Weekend,161.0,195.59999999999997,13.716666666666667,1.4,22.29
230,Times Sq/Theatre District,Manhattan,21,Weekend,217.0,318.3999999999999,13.5,1.6,23.1
230,Times Sq/Theatre District,Manhattan,22,Weekend,273.0,472.59999999999997,13.883333333333333,1.61,24.15
230,Times Sq/Theatre District,Manhattan,23,Weekend,196.0,309.39999999999986,13.175,1.69,23.94
234,Union Sq,Manhattan,0,Weekday,65.0,201.79999999999995,11.033333333333333,1.9849999999999999,22.35
234,Union Sq,Manhattan,1,Weekday,27.0,82.6,10.941666666666666,2.085,22.26
234,Union Sq,Manhattan,2,Weekday,12.0,56.99999999999996,11.641666666666666,2.4,23.259999999999998
234,Union Sq,Manhattan,3,Weekday,5.0,29.19999999999999,12.041666666666668,2.6,24.97
234,Union Sq,Manhattan,4,Weekday,6.0,19.799999999999997,12.483333333333333,2.8,26.95
234,Union Sq,Manhattan,5,Weekday,7.0,16.799999999999997,8.925,1.94,24.625
234,Union Sq,Manhattan,6,Weekday,26.0,41.39999999999999,9.466666666666667,1.83,20.835
234,Union Sq,Manhattan,7,Weekday,51.0,80.39999999999999,9.816666666666666,1.51,19.38
234,Union Sq,Manhattan,8,Weekday,93.0,123.0,10.516666666666667,1.3,19.4
234,Union Sq,Manhattan,9,Weekday,103.0,145.8,11.758333333333333,1.28,19.575000000000003
234,Union Sq,Manhattan,10,Weekday,111.0,147.8,12.7,1.29,20.22
234,Union Sq,Manhattan,11,Weekday,125.0,168.2,14.375,1.33,21.9
234,Union Sq,Manhattan,12,Weekday,140.0,186.8,14.383333333333333,1.3,21.9
234,Union Sq,Manhattan,13,Weekday,155.0,204.0,14.583333333333334,1.33,21.9
234,Union Sq,Manhattan,14,Weekday,177.0,246.99999999999997,14.325,1.35,21.9
234,Union Sq,Manhattan,15,Weekday,186.0,283.4,14.183333333333334,1.31,21.9
234,Union Sq,Manhattan,16,Weekday,184.0,245.59999999999997,12.95,1.28,23.2
234,Union Sq,Manhattan,17,Weekday,219.0,305.6,13.0,1.3,23.22
234,Union Sq,Manhattan,18,Weekday,248.0,326.4,12.283333333333333,1.32,22.45
234,Union Sq,Manhattan,19,Weekday,255.0,346.4,12.3,1.38,22.83
234,Union Sq,Manhattan,20,Weekday,272.0,422.79999999999995,12.933333333333334,1.59,22.74
234,Union Sq,Manhattan,21,Weekday,296.0,435.19999999999993,13.033333333333333,1.74,24.18
234,Union Sq,Manhattan,22,Weekday,255.0,364.59999999999997,12.7,1.8,24.06
234,Union Sq,Manhattan,23,Weekday,141.0,336.99999999999994,12.116666666666667,1.83,23.94
234,Union Sq,Manhattan,0,Weekend,227.0,326.79999999999995,12.225,1.75,24.78
234,Union Sq,Manhattan,1,Weekend,153.0,258.4,11.575,1.82,23.200000000000003
234,Union Sq,Manhattan,2,Weekend,101.0,162.19999999999993,11.483333333333333,1.98,22.26
234,Union Sq,Manhattan,3,Weekend,63.0,101.79999999999997,10.75,2.1,23.1
234,Union Sq,Manhattan,4,Weekend,39.0,54.39999999999999,9.983333333333334,2.06,25.525
234,Union Sq,Manhattan,5,Weekend,12.0,25.19999999999999,11.416666666666668,2.64,24.314999999999998
234,Union Sq,Manhattan,6,Weekend,10.0,20.799999999999997,9.958333333333332,2.0,21.104999999999997
234,Union Sq,Manhattan,7,Weekend,16.0,24.19999999999999,8.683333333333334,1.79,19.25
234,Union Sq,Manhattan,8,Weekend,29.0,45.39999999999999,8.083333333333334,1.5,17.55
234,Union Sq,Manhattan,9,Weekend,54.0,89.99999999999997,8.3,1.4049999999999998,17.475
234,Union Sq,Manhattan,10,Weekend,88.0,127.99999999999999,9.383333333333333,1.45,18.25
234,Union Sq,Manhattan,11,Weekend,125.0,172.59999999999994,10.383333333333333,1.42,18.925
234,Union Sq,Manhattan,12,Weekend,159.0,209.19999999999993,11.516666666666667,1.42,19.65
234,Union Sq,Manhattan,13,Weekend,165.0,237.39999999999998,12.2,1.47,20.22
234,Union Sq,Manhattan,14,Weekend,182.0,244.0,12.8,1.45,20.35
234,Union Sq,Manhattan,15,Weekend,186.0,278.9999999999999,12.983333333333333,1.46,21.06
234,Union Sq,Manhattan,16,Weekend,204.0,256.2,13.175,1.41,21.06
234,Union Sq,Manhattan,17,Weekend,208.0,255.8,13.45,1.4,21.455
234,Union Sq,Manhattan,18,Weekend,197.0,284.9999999999999,13.766666666666667,1.41,21.95
234,Union Sq,Manhattan,19,Weekend,176.0,284.19999999999993,13.8,1.45,21.95
234,Union Sq,Manhattan,20,Weekend,156.0,268.3999999999999,13.45,1.5,22.14
234,Union Sq,Manhattan,21,Weekend,169.0,283.8,13.441666666666666,1.58,22.26
234,Union Sq,Manhattan,22,Weekend,177.0,317.1999999999999,13.583333333333334,1.68,23.94
234,Union Sq,Manhattan,23,Weekend,124.0,325.4,12.95,1.72,24.75
236,Upper East Side North,Manhattan,0,Weekday,15.0,39.39999999999999,9.35,2.0,19.55
236,Upper East Side North,Manhattan,1,Weekday,6.0,21.199999999999974,9.616666666666667,2.14,20.41
236,Upper East Side North,Manhattan,2,Weekday,3.0,7.799999999999997,9.866666666666667,2.16,20.47
236,Upper East Side North,Manhattan,3,Weekday,2.0,5.0,9.9,2.5,20.94
236,Upper East Side North,Manhattan,4,Weekday,5.0,10.0,12.466666666666667,3.375,29.315
236,Upper East Side North,Manhattan,5,Weekday,21.0,30.0,10.108333333333334,2.4,23.125
236,Upper East Side North,Manhattan,6,Weekday,86.0,107.6,8.3,2.03,18.55
236,Upper East Side North,Manhattan,7,Weekday,277.0,353.8,9.283333333333333,1.78,19.32
236,Upper East Side North,Manhattan,8,Weekday,379.0,475.2,11.425,1.62,20.13
236,Upper East Side North,Manhattan,9,Weekday,364.0,441.2,11.0,1.51,19.0
236,Upper East Side North,Manhattan,10,Weekday,341.0,439.6,10.616666666666667,1.39,18.25
236,Upper East Side North,Manhattan,11,Weekday,354.0,460.8,12.233333333333333,1.33,19.32
236,Upper East Side North,Manhattan,12,Weekday,377.0,503.6,11.7,1.29,18.9
236,Upper East Side North,Manhattan,13,Weekday,358.0,439.0,11.433333333333334,1.3,18.5
236,Upper East Side North,Manhattan,14,Weekday,396.0,517.0,11.483333333333333,1.3,18.48
236,Upper East Side North,Manhattan,15,Weekday,486.0,636.1999999999999,12.3,1.26,19.3
236,Upper East Side North,Manhattan,16,Weekday,391.0,534.0,11.216666666666667,1.25,20.64
236,Upper East Side North,Manhattan,17,Weekday,425.0,528.1999999999999,10.5,1.3,20.62
236,Upper East Side North,Manhattan,18,Weekday,399.0,553.5999999999999,9.7,1.3,19.8
236,Upper East Side North,Manhattan,19,Weekday,273.0,405.0,8.95,1.29,19.35
236,Upper East Side North,Manhattan,20,Weekday,226.0,346.3999999999999,9.25,1.5,18.6
236,Upper East Side North,Manhattan,21,Weekday,191.0,314.59999999999997,9.433333333333334,1.64,18.84
236,Upper East Side North,Manhattan,22,Weekday,108.0,247.0,9.733333333333333,1.73,19.5
236,Upper East Side North,Manhattan,23,Weekday,41.0,138.2,9.833333333333334,1.97,19.94
236,Upper East Side North,Manhattan,0,Weekend,52.0,101.79999999999997,9.783333333333333,2.1,19.759999999999998
236,Upper East Side North,Manhattan,1,Weekend,21.0,51.79999999999997,9.816666666666666,2.12,19.25
236,Upper East Side North,Manhattan,2,Weekend,10.0,17.599999999999994,9.433333333333334,2.1,18.95
236,Upper East Side North,Manhattan,3,Weekend,5.0,12.399999999999991,9.283333333333333,2.33,19.68
236,Upper East Side North,Manhattan,4,Weekend,5.0,12.199999999999989,12.466666666666667,3.18,28.63
236,Upper East Side North,Manhattan,5,Weekend,9.0,17.59999999999998,11.983333333333333,3.34,28.36
236,Upper East Side North,Manhattan,6,Weekend,20.0,25.0,10.416666666666666,2.6,20.78
236,Upper East Side North,Manhattan,7,Weekend,52.0,73.19999999999999,7.85,1.81,17.65
236,Upper East Side North,Manhattan,8,Weekend,96.0,142.8,7.525,1.6,16.8
236,Upper East Side North,Manhattan,9,Weekend,156.0,235.39999999999998,7.333333333333333,1.42,16.02
236,Upper East Side North,Manhattan,10,Weekend,233.0,297.79999999999995,7.7,1.34,15.96
236,Upper East Side North,Manhattan,11,Weekend,258.0,382.99999999999994,8.65,1.4,16.8
236,Upper East Side North,Manhattan,12,Weekend,333.0,412.79999999999995,8.983333333333333,1.41,17.29
236,Upper East Side North,Manhattan,13,Weekend,339.0,426.99999999999994,9.683333333333334,1.49,17.65
236,Upper East Side North,Manhattan,14,Weekend,305.0,395.99999999999994,9.933333333333334,1.47,17.76
236,Upper East Side North,Manhattan,15,Weekend,291.0,461.9999999999999,9.725,1.41,17.64
236,Upper East Side North,Manhattan,16,Weekend,290.0,453.79999999999995,10.0,1.49,18.2
236,Upper East Side North,Manhattan,17,Weekend,352.0,452.99999999999994,10.183333333333334,1.52,18.52
236,Upper East Side North,Manhattan,18,Weekend,339.0,476.3999999999999,9.866666666666667,1.54,18.48
236,Upper East Side North,Manhattan,19,Weekend,234.0,427.5999999999999,9.783333333333333,1.57,18.48
236,Upper East Side North,Manhattan,20,Weekend,175.0,280.3999999999999,9.35,1.62,18.84
236,Upper East Side North,Manhattan,21,Weekend,160.0,253.19999999999996,9.291666666666668,1.7,18.84
236,Upper East Side North,Manhattan,22,Weekend,125.0,229.6,10.016666666666667,1.81,19.8
236,Upper East Side North,Manhattan,23,Weekend,54.0,163.19999999999987,9.766666666666667,1.91,19.755000000000003
237,Upper East Side South,Manhattan,0,Weekday,33.0,126.1999999999999,9.183333333333334,1.78,19.68
237,Upper East Side South,Manhattan,1,Weekday,14.0,53.79999999999997,8.95,1.82,19.74
237,Upper East Side South,Manhattan,2,Weekday,6.0,17.799999999999997,8.491666666666667,1.8,18.875
237,Upper East Side South,Manhattan,3,Weekday,3.0,10.399999999999991,9.766666666666667,2.3,20.58
237,Upper East Side South,Manhattan,4,Weekday,4.0,13.399999999999991,9.625,2.3,22.740000000000002
237,Upper East Side South,Manhattan,5,Weekday,12.0,22.799999999999997,9.116666666666667,1.91,22.09
237,Upper East Side South,Manhattan,6,Weekday,44.0,61.8,7.275,1.4,16.44
237,Upper East Side South,Manhattan,7,Weekday,202.0,259.8,9.016666666666667,1.26,17.2
237,Upper East Side South,Manhattan,8,Weekday,295.0,395.4,9.366666666666667,1.11,17.15
237,Upper East Side South,Manhattan,9,Weekday,301.0,381.0,10.033333333333333,1.1,17.64
237,Upper East Side South,Manhattan,10,Weekday,312.0,395.4,10.616666666666667,1.1,17.7
237,Upper East Side South,Manhattan,11,Weekday,355.0,453.8,11.233333333333333,1.09,18.48
237,Upper East Side South,Manhattan,12,Weekday,387.0,504.79999999999995,11.35,1.09,18.48
237,Upper East Side South,Manhattan,13,Weekday,382.0,506.4,11.4,1.12,18.48
237,Upper East Side South,Manhattan,14,Weekday,449.0,579.6,12.016666666666667,1.15,18.95
237,Upper East Side South,Manhattan,15,Weekday,446.0,588.0,12.258333333333333,1.14,19.25
237,Upper East Side South,Manhattan,16,Weekday,417.0,558.6,11.35,1.17,20.9
237,Upper East Side South,Manhattan,17,Weekday,444.0,562.4,10.766666666666667,1.2,20.7
237,Upper East Side South,Manhattan,18,Weekday,432.0,613.1999999999999,10.083333333333334,1.2,20.58
237,Upper East Side South,Manhattan,19,Weekday,355.0,518.5999999999999,9.283333333333333,1.25,19.84
237,Upper East Side South,Manhattan,20,Weekday,353.0,520.1999999999999,9.4,1.4,18.9
237,Upper East Side South,Manhattan,21,Weekday,324.0,552.4,9.391666666666666,1.47,18.9
237,Upper East Side South,Manhattan,22,Weekday,235.0,481.19999999999993,9.483333333333333,1.53,19.25
237,Upper East Side South,Manhattan,23,Weekday,104.0,302.6,9.416666666666666,1.68,19.68
237,Upper East Side South,Manhattan,0,Weekend,103.0,222.59999999999988,9.983333333333333,1.83,20.55
237,Upper East Side South,Manhattan,1,Weekend,53.0,92.79999999999998,9.241666666666667,1.8,19.25
237,Upper East Side South,Manhattan,2,Weekend,23.0,45.59999999999998,9.283333333333333,1.86,19.68
237,Upper East Side South,Manhattan,3,Weekend,13.0,23.799999999999983,8.45,1.79,18.06
237,Upper East Side South,Manhattan,4,Weekend,9.0,18.599999999999994,9.533333333333333,2.18,20.89
237,Upper East Side South,Manhattan,5,Weekend,6.0,15.0,11.416666666666666,2.75,24.02
237,Upper East Side South,Manhattan,6,Weekend,15.0,24.599999999999994,8.375,2.0,17.64
237,Upper East Side South,Manhattan,7,Weekend,34.0,55.8,7.375,1.57,16.56
237,Upper East Side South,Manhattan,8,Weekend,72.0,113.99999999999999,7.083333333333333,1.35,15.96
237,Upper East Side South,Manhattan,9,Weekend,134.0,219.5999999999999,6.683333333333334,1.24,15.18
237,Upper East Side South,Manhattan,10,Weekend,177.0,272.59999999999997,7.333333333333333,1.2,15.75
237,Upper East Side South,Manhattan,11,Weekend,235.0,344.4,7.866666666666666,1.2,16.02
237,Upper East Side South,Manhattan,12,Weekend,302.0,405.19999999999993,8.45,1.2,16.8
237,Upper East Side South,Manhattan,13,Weekend,327.0,454.59999999999997,9.216666666666667,1.23,16.96
237,Upper East Side South,Manhattan,14,Weekend,334.0,482.3999999999999,9.416666666666666,1.26,17.35
237,Upper East Side South,Manhattan,15,Weekend,348.0,525.4,9.533333333333333,1.25,17.5
237,Upper East Side South,Manhattan,16,Weekend,345.0,516.2,10.25,1.3,18.25
237,Upper East Side South,Manhattan,17,Weekend,339.0,490.1999999999999,10.275,1.32,18.48
237,Upper East Side South,Manhattan,18,Weekend,325.0,466.3999999999999,9.7,1.3,17.8
237,Upper East Side South,Manhattan,19,Weekend,233.0,394.19999999999993,9.666666666666666,1.33,18.25
237,Upper East Side South,Manhattan,20,Weekend,194.0,319.9999999999999,8.966666666666667,1.37,18.15
237,Upper East Side South,Manhattan,21,Weekend,180.0,311.59999999999985,9.15,1.43,18.84
237,Upper East Side South,Manhattan,22,Weekend,129.0,360.99999999999966,9.533333333333333,1.5,18.95
237,Upper East Side South,Manhattan,23,Weekend,66.0,329.3999999999996,10.1,1.69,20.52
239,Upper West Side South,Manhattan,0,Weekday,21.0,58.999999999999986,11.075,2.27,20.65
239,Upper West Side South,Manhattan,1,Weekday,9.0,24.0,11.116666666666667,2.35,21.36
239,Upper West Side South,Manhattan,2,Weekday,5.0,13.599999999999994,11.183333333333334,2.46,20.88
239,Upper West Side South,Manhattan,3,Weekday,3.0,9.0,11.55,2.68,21.35
239,Upper West Side South,Manhattan,4,Weekday,7.0,12.0,11.591666666666667,3.005,24.02
239,Upper West Side South,Manhattan,5,Weekday,21.0,33.39999999999999,11.066666666666666,2.63,24.15
239,Upper West Side South,Manhattan,6,Weekday,55.0,73.8,11.216666666666667,2.4,23.05
239,Upper West Side South,Manhattan,7,Weekday,128.0,166.39999999999998,12.133333333333333,2.04,22.86
239,Upper West Side South,Manhattan,8,Weekday,176.0,211.8,13.666666666666666,1.91,23.5
239,Upper West Side South,Manhattan,9,Weekday,180.0,216.6,12.983333333333333,1.82,21.84
239,Upper West Side South,Manhattan,10,Weekday,185.0,223.39999999999998,12.308333333333334,1.67,20.22
239,Upper West Side South,Manhattan,11,Weekday,181.0,218.8,11.85,1.58,19.95
239,Upper West Side South,Manhattan,12,Weekday,199.0,243.6,11.366666666666667,1.545,19.32
239,Upper West Side South,Manhattan,13,Weekday,201.0,255.8,11.35,1.55,19.31
239,Upper West Side South,Manhattan,14,Weekday,209.0,278.0,11.316666666666666,1.5,19.25
239,Upper West Side South,Manhattan,15,Weekday,218.0,283.2,11.216666666666667,1.4,18.9
239,Upper West Side South,Manhattan,16,Weekday,190.0,239.8,10.2,1.4,20.58
239,Upper West Side South,Manhattan,17,Weekday,215.0,272.0,10.083333333333334,1.43,20.62
239,Upper West Side South,Manhattan,18,Weekday,202.0,303.19999999999993,9.883333333333333,1.4,20.58
239,Upper West Side South,Manhattan,19,Weekday,163.0,223.8,9.45,1.41,19.9
239,Upper West Side South,Manhattan,20,Weekday,165.0,216.6,9.416666666666666,1.6,18.84
239,Upper West Side South,Manhattan,21,Weekday,157.0,253.2,10.25,1.77,19.68
239,Upper West Side South,Manhattan,22,Weekday,106.0,286.19999999999993,11.033333333333333,1.93,20.6
239,Upper West Side South,Manhattan,23,Weekday,53.0,157.0,11.133333333333333,2.1,20.93
239,Upper West Side South,Manhattan,0,Weekend,98.0,205.59999999999982,11.433333333333334,2.2,21.42
239,Upper West Side South,Manhattan,1,Weekend,48.0,99.39999999999995,11.116666666666667,2.26,19.82
239,Upper West Side South,Manhattan,2,Weekend,23.0,34.39999999999999,10.608333333333334,2.33,19.74
239,Upper West Side South,Manhattan,3,Weekend,11.0,21.599999999999994,11.899999999999999,2.915,21.285
239,Upper West Side South,Manhattan,4,Weekend,9.0,13.799999999999997,11.925,2.725,22.939999999999998
239,Upper West Side South,Manhattan,5,Weekend,11.0,17.0,12.108333333333334,2.895,26.66
239,Upper West Side South,Manhattan,6,Weekend,23.0,38.39999999999999,10.583333333333334,2.46,21.95
239,Upper West Side South,Manhattan,7,Weekend,43.0,55.19999999999999,10.083333333333332,2.2,20.064999999999998
239,Upper West Side South,Manhattan,8,Weekend,81.0,107.99999999999997,8.866666666666667,1.8,18.48
239,Upper West Side South,Manhattan,9,Weekend,129.0,164.6,8.833333333333334,1.66,17.77
239,Upper West Side South,Manhattan,10,Weekend,167.0,214.39999999999998,9.0,1.56,17.7
239,Upper West Side South,Manhattan,11,Weekend,189.0,241.6,9.733333333333333,1.6,18.48
239,Upper West Side South,Manhattan,12,Weekend,237.0,272.4,10.416666666666666,1.62,18.8
239,Upper West Side South,Manhattan,13,Weekend,263.0,304.4,10.933333333333334,1.63,19.32
239,Upper West Side South,Manhattan,14,Weekend,235.0,286.59999999999997,11.016666666666667,1.62,19.32
239,Upper West Side South,Manhattan,15,Weekend,233.0,305.2,11.116666666666667,1.65,19.32
239,Upper West Side South,Manhattan,16,Weekend,244.0,316.2,11.5,1.7,19.97
239,Upper West Side South,Manhattan,17,Weekend,254.0,322.0,11.666666666666666,1.71,20.59
239,Upper West Side South,Manhattan,18,Weekend,228.0,320.6,10.866666666666667,1.66,20.02
239,Upper West Side South,Manhattan,19,Weekend,178.0,291.3999999999999,10.983333333333333,1.7,19.32
239,Upper West Side South,Manhattan,20,Weekend,144.0,227.39999999999998,10.316666666666666,1.78,19.68
239,Upper West Side South,Manhattan,21,Weekend,146.0,247.59999999999997,10.866666666666667,1.89,20.1
239,Upper West Side South,Manhattan,22,Weekend,162.0,295.79999999999995,11.866666666666667,2.04,21.42
239,Upper West Side South,Manhattan,23,Weekend,67.0,247.79999999999976,11.4,2.09,21.38
249,West Village,Manhattan,0,Weekday,75.0,277.3999999999999,11.116666666666667,2.0,22.26
249,West Village,Manhattan,1,Weekday,41.0,193.19999999999982,10.675,2.1,22.05
249,West Village,Manhattan,2,Weekday,28.0,112.79999999999988,10.833333333333334,2.24,22.26
249,West Village,Manhattan,3,Weekday,17.0,61.799999999999955,11.325,2.435,23.445
249,West Village,Manhattan,4,Weekday,13.0,34.8,11.425,2.56,26.75
249,West Village,Manhattan,5,Weekday,12.0,22.0,8.891666666666666,2.11,22.26
249,West Village,Manhattan,6,Weekday,30.0,42.0,10.5,2.2,23.75
249,West Village,Manhattan,7,Weekday,59.0,86.8,12.216666666666667,2.12,23.58
249,West Village,Manhattan,8,Weekday,77.0,117.79999999999998,13.016666666666667,1.83,23.95
249,West Village,Manhattan,9,Weekday,80.0,115.39999999999999,11.783333333333333,1.45,20.22
249,West Village,Manhattan,10,Weekday,64.0,90.8,11.983333333333333,1.3,20.2
249,West Village,Manhattan,11,Weekday,62.0,84.99999999999999,12.783333333333333,1.32,20.94
249,West Village,Manhattan,12,Weekday,65.0,93.0,13.325,1.38,21.05
249,West Village,Manhattan,13,Weekday,72.0,99.0,12.558333333333334,1.36,20.35
249,West Village,Manhattan,14,Weekday,77.0,105.8,12.566666666666666,1.4,20.99
249,West Village,Manhattan,15,Weekday,83.0,114.6,13.016666666666667,1.39,21.06
249,West Village,Manhattan,16,Weekday,67.0,93.8,12.1,1.39,22.38
249,West Village,Manhattan,17,Weekday,75.0,111.19999999999999,11.75,1.3,22.35
249,West Village,Manhattan,18,Weekday,97.0,149.8,12.0,1.35,22.38
249,West Village,Manhattan,19,Weekday,114.0,198.0,12.258333333333333,1.4,22.605
249,West Village,Manhattan,20,Weekday,175.0,272.99999999999994,13.083333333333334,1.62,22.7
249,West Village,Manhattan,21,Weekday,222.0,309.0,13.233333333333333,1.75,23.94
249,West Village,Manhattan,22,Weekday,198.0,382.59999999999997,13.0,1.8,24.1
249,West Village,Manhattan,23,Weekday,154.0,459.8,12.316666666666666,1.83,23.94
249,West Village,Manhattan,0,Weekend,486.0,525.0,12.533333333333333,1.72,24.95
249,West Village,Manhattan,1,Weekend,453.0,552.8,12.133333333333333,1.82,24.24
249,West Village,Manhattan,2,Weekend,306.0,424.79999999999984,11.533333333333333,1.94,23.1
249,West Village,Manhattan,3,Weekend,194.0,265.2,10.983333333333333,2.1,22.825000000000003
249,West Village,Manhattan,4,Weekend,73.0,103.19999999999996,11.158333333333333,2.24,25.965
249,West Village,Manhattan,5,Weekend,15.0,28.0,11.083333333333334,2.52,23.94
249,West Village,Manhattan,6,Weekend,11.0,17.599999999999994,10.025,2.29,20.84
249,West Village,Manhattan,7,Weekend,11.0,25.799999999999983,9.425,2.0949999999999998,19.38
249,West Village,Manhattan,8,Weekend,27.0,40.39999999999999,7.983333333333333,1.57,17.2
249,West Village,Manhattan,9,Weekend,41.0,77.99999999999997,8.116666666666667,1.43,17.05
249,West Village,Manhattan,10,Weekend,65.0,98.59999999999995,8.883333333333333,1.44,17.95
249,West Village,Manhattan,11,Weekend,77.0,121.99999999999997,10.133333333333333,1.41,18.55
249,West Village,Manhattan,12,Weekend,104.0,133.39999999999998,11.183333333333334,1.42,19.4
249,West Village,Manhattan,13,Weekend,109.0,164.19999999999996,12.233333333333333,1.49,20.22
249,West Village,Manhattan,14,Weekend,115.0,163.2,12.508333333333333,1.47,20.35
249,West Village,Manhattan,15,Weekend,129.0,205.2,13.25,1.49,21.06
249,West Village,Manhattan,16,Weekend,138.0,204.39999999999998,13.783333333333333,1.49,21.9
249,West Village,Manhattan,17,Weekend,134.0,232.0,14.383333333333333,1.47,22.8
249,West Village,Manhattan,18,Weekend,185.0,307.39999999999986,13.958333333333332,1.4449999999999998,22.45
249,West Village,Manhattan,19,Weekend,185.0,332.2,14.75,1.5,22.74
249,West Village,Manhattan,20,Weekend,199.0,352.4,14.316666666666666,1.57,22.895
249,West Village,Manhattan,21,Weekend,237.0,367.59999999999997,14.25,1.67,23.2
249,West Village,Manhattan,22,Weekend,249.0,445.79999999999995,13.65,1.68,23.94
249,West Village,Manhattan,23,Weekend,238.0,516.4,13.083333333333334,1.75,24.78
